zhalyuzi/gorizontalnye/alyuminievye/70045/;24;2;0;0;;;;;;
zhalyuzi/gorizontalnye/alyuminievye/130-perforaciya3/;24;2;0;1;;;;;;
zhalyuzi/gorizontalnye/alyuminievye/1305/;17;1;0;1;;;;;;
zhalyuzi/gorizontalnye/alyuminievye/85/;17;1;0;0;;;;;;
zhalyuzi/gorizontalnye/alyuminievye/772-0989/;29;3;1;1;;;;;;
zhalyuzi/gorizontalnye/alyuminievye/675/;17;1;0;1;;;;;;
zhalyuzi/gorizontalnye/alyuminievye/1445/;17;1;0;0;;;;;;
zhalyuzi/gorizontalnye/alyuminievye/799/;17;1;0;0;;;;;;
zhalyuzi/gorizontalnye/alyuminievye/56-perforacziya/;24;2;0;1;;;;;;
zhalyuzi/gorizontalnye/alyuminievye/569/;17;1;1;1;;;;;;
zhalyuzi/gorizontalnye/alyuminievye/489/;17;1;1;1;;;;;;
zhalyuzi/gorizontalnye/alyuminievye/70065/;24;2;0;0;;;;;;
zhalyuzi/gorizontalnye/alyuminievye/1635/;17;1;1;1;;;;;;
zhalyuzi/gorizontalnye/alyuminievye/70055/;24;2;0;0;;;;;;
zhalyuzi/gorizontalnye/alyuminievye/895/;17;1;0;0;;;;;;
zhalyuzi/gorizontalnye/alyuminievye/735/;17;1;1;1;;;;;;
zhalyuzi/gorizontalnye/alyuminievye/219/;17;1;0;0;;;;;;
zhalyuzi/gorizontalnye/alyuminievye/1879/;17;1;1;1;;;;;;
zhalyuzi/gorizontalnye/alyuminievye/505/;17;1;1;1;;;;;;
zhalyuzi/gorizontalnye/alyuminievye/1355/;17;1;0;0;;;;;;
zhalyuzi/gorizontalnye/alyuminievye/1885/;17;1;0;1;;;;;;
zhalyuzi/gorizontalnye/alyuminievye/772-0919/;29;3;0;1;;;;;;
zhalyuzi/gorizontalnye/alyuminievye/772-0825/;32;3;0;0;;;;;;
zhalyuzi/gorizontalnye/alyuminievye/5525/;24;2;0;0;;;;;;
zhalyuzi/gorizontalnye/alyuminievye/275rrrr/;17;1;0;0;;;;;;
zhalyuzi/gorizontalnye/alyuminievye/772-0939/;32;3;0;0;;;;;;
zhalyuzi/gorizontalnye/alyuminievye/3305/;17;1;0;1;;;;;;
zhalyuzi/gorizontalnye/alyuminievye/1895/;17;1;0;1;;;;;;
zhalyuzi/gorizontalnye/alyuminievye/10475/;24;2;0;0;;;;;;
zhalyuzi/gorizontalnye/alyuminievye/7375/;17;1;0;0;;;;;;
zhalyuzi/gorizontalnye/alyuminievye/772-0959/;29;3;0;1;;;;;;
zhalyuzi/gorizontalnye/alyuminievye/772-0859/;29;3;0;1;;;;;;
zhalyuzi/gorizontalnye/alyuminievye/175/;17;1;1;1;;;;;;
zhalyuzi/gorizontalnye/alyuminievye/107/;17;1;1;1;;;;;;
zhalyuzi/gorizontalnye/alyuminievye/52-perforacziya/;24;2;0;1;;;;;;
zhalyuzi/gorizontalnye/alyuminievye/9035/;24;2;0;0;;;;;;
zhalyuzi/gorizontalnye/alyuminievye/2645/;17;1;0;0;;;;;;
zhalyuzi/gorizontalnye/alyuminievye/1095/;17;1;0;1;;;;;;
zhalyuzi/gorizontalnye/alyuminievye/80035/;24;2;0;0;;;;;;
zhalyuzi/gorizontalnye/alyuminievye/35/;15;1;0;0;;;;;;
zhalyuzi/gorizontalnye/alyuminievye/772-0835/;29;3;0;1;;;;;;
zhalyuzi/gorizontalnye/alyuminievye/9015/;17;1;0;0;;;;;;
zhalyuzi/gorizontalnye/alyuminievye/8845/;17;1;0;0;;;;;;
zhalyuzi/gorizontalnye/alyuminievye/7535/;17;1;0;0;;;;;;
zhalyuzi/gorizontalnye/alyuminievye/1465/;17;1;0;1;;;;;;
zhalyuzi/gorizontalnye/alyuminievye/1065/;17;1;0;1;;;;;;
zhalyuzi/gorizontalnye/alyuminievye/80045/;24;2;0;0;;;;;;
zhalyuzi/gorizontalnye/alyuminievye/4275/;17;1;0;1;;;;;;
zhalyuzi/gorizontalnye/alyuminievye/9016/;24;2;1;1;;;;;;
zhalyuzi/gorizontalnye/alyuminievye/80015/;24;2;0;0;;;;;;
zhalyuzi/gorizontalnye/alyuminievye/70085/;24;2;0;0;;;;;;
zhalyuzi/gorizontalnye/alyuminievye/70075/;24;2;0;0;;;;;;
zhalyuzi/gorizontalnye/alyuminievye/10455/;24;2;0;0;;;;;;
zhalyuzi/gorizontalnye/alyuminievye/1048/;17;1;0;1;;;;;;
zhalyuzi/gorizontalnye/alyuminievye/100-perforaciya3/;24;2;0;1;;;;;;
zhalyuzi/gorizontalnye/alyuminievye/1009/;14;1;1;1;;;;;;
zhalyuzi/gorizontalnye/alyuminievye/80025/;24;2;0;0;;;;;;
zhalyuzi/gorizontalnye/alyuminievye/3005/;17;1;0;0;;;;;;
zhalyuzi/gorizontalnye/alyuminievye/29/;17;1;0;0;;;;;;
zhalyuzi/gorizontalnye/alyuminievye/23-perforaciya3/;24;2;0;1;;;;;;
zhalyuzi/gorizontalnye/alyuminievye/239/;17;1;1;1;;;;;;
zhalyuzi/gorizontalnye/alyuminievye/10425/;24;2;0;1;;;;;;
zhalyuzi/gorizontalnye/alyuminievye/5565/;17;1;0;0;;;;;;
zhalyuzi/gorizontalnye/alyuminievye/46-485/;17;1;1;1;;;;;;
zhalyuzi/gorizontalnye/alyuminievye/465/;17;1;0;1;;;;;;
zhalyuzi/gorizontalnye/derevyannye/derevo-10/;89;1;1;1;;;;;;
zhalyuzi/gorizontalnye/derevyannye/derevo-102/;101;2;1;1;;;;;;
zhalyuzi/gorizontalnye/derevyannye/derevo-132/;89;1;1;1;;;;;;
zhalyuzi/gorizontalnye/derevyannye/derevo-133/;101;2;1;1;;;;;;
zhalyuzi/gorizontalnye/derevyannye/derevo-152/;89;1;0;1;;;;;;
zhalyuzi/gorizontalnye/derevyannye/derevo-153/;101;2;0;1;;;;;;
zhalyuzi/gorizontalnye/derevyannye/derevo-162/;89;1;0;1;;;;;;
zhalyuzi/gorizontalnye/derevyannye/derevo-163/;101;2;0;1;;;;;;
zhalyuzi/gorizontalnye/derevyannye/derevo-202/;89;1;1;1;;;;;;
zhalyuzi/gorizontalnye/derevyannye/derevo-203/;101;2;1;1;;;;;;
zhalyuzi/gorizontalnye/derevyannye/derevo-222/;89;1;0;1;;;;;;
zhalyuzi/gorizontalnye/derevyannye/derevo-223/;101;2;0;1;;;;;;
zhalyuzi/gorizontalnye/derevyannye/derevo-232/;89;1;0;1;;;;;;
zhalyuzi/gorizontalnye/derevyannye/derevo-233/;101;2;0;1;;;;;;
zhalyuzi/gorizontalnye/derevyannye/derevo-242/;89;1;0;1;;;;;;
zhalyuzi/gorizontalnye/derevyannye/derevo-243/;101;2;0;1;;;;;;
zhalyuzi/gorizontalnye/derevyannye/bambuk-2012/;101;2;1;1;;;;;;
zhalyuzi/gorizontalnye/derevyannye/bambuk-2013/;112;3;1;1;;;;;;
zhalyuzi/gorizontalnye/derevyannye/bambuk-2022/;101;2;1;1;;;;;;
zhalyuzi/gorizontalnye/derevyannye/bambuk-2023/;112;3;1;1;;;;;;
zhalyuzi/gorizontalnye/derevyannye/bambuk-2032/;101;2;1;1;;;;;;
zhalyuzi/gorizontalnye/derevyannye/bambuk-2033/;112;3;1;1;;;;;;
zhalyuzi/gorizontalnye/derevyannye/bambuk-2042/;101;2;0;1;;;;;;
zhalyuzi/gorizontalnye/derevyannye/bambuk-2043/;112;3;0;1;;;;;;
zhalyuzi/gorizontalnye/derevyannye/bambuk-2052/;101;2;0;1;;;;;;
zhalyuzi/gorizontalnye/derevyannye/bambuk-2053/;112;3;0;1;;;;;;
zhalyuzi/gorizontalnye/derevyannye/bambuk-2062/;101;2;1;1;;;;;;
zhalyuzi/gorizontalnye/derevyannye/bambuk-2063/;112;3;1;1;;;;;;
zhalyuzi/isolite/3303/;26;1;1;1;;;;;;
zhalyuzi/isolite/5523/;35;2;0;0;;;;;;
zhalyuzi/isolite/9033/;35;2;0;0;;;;;;
zhalyuzi/isolite/1883/;26;1;1;1;;;;;;
zhalyuzi/isolite/236/;40;3;0;0;;;;;;
zhalyuzi/isolite/486/;40;3;0;0;;;;;;
zhalyuzi/isolite/216/;40;3;0;0;;;;;;
zhalyuzi/isolite/80043/;35;2;0;0;;;;;;
zhalyuzi/isolite/70083/;35;2;0;0;;;;;;
zhalyuzi/isolite/70043/;35;2;0;0;;;;;;
zhalyuzi/isolite/70063/;35;2;0;0;;;;;;
zhalyuzi/isolite/772-0833/;35;2;1;1;;;;;;
zhalyuzi/isolite/80013/;35;2;0;0;;;;;;
zhalyuzi/isolite/70053/;35;2;0;0;;;;;;
zhalyuzi/isolite/1006/;40;3;0;0;;;;;;
zhalyuzi/isolite/908/;40;3;0;0;;;;;;
zhalyuzi/isolite/1463/;26;1;0;1;;;;;;
zhalyuzi/isolite/772-0936/;35;2;0;1;;;;;;
zhalyuzi/isolite/772-0986/;35;2;0;1;;;;;;
zhalyuzi/isolite/3003/;26;1;0;0;;;;;;
zhalyuzi/isolite/1875/;26;1;0;1;;;;;;
zhalyuzi/isolite/772-0955/;35;2;0;1;;;;;;
zhalyuzi/isolite/772-0935/;35;2;0;1;;;;;;
zhalyuzi/isolite/10423/;30;2;0;1;;;;;;
zhalyuzi/isolite/80033/;35;2;0;0;;;;;;
zhalyuzi/isolite/7533/;26;1;0;0;;;;;;
zhalyuzi/isolite/186/;40;3;0;0;;;;;;
zhalyuzi/isolite/7373/;26;1;0;0;;;;;;
zhalyuzi/isolite/1893/;26;1;0;1;;;;;;
zhalyuzi/isolite/1633/;26;1;1;1;;;;;;
zhalyuzi/isolite/772-0856/;35;2;0;1;;;;;;
zhalyuzi/isolite/10473/;35;2;0;0;;;;;;
zhalyuzi/isolite/70073/;35;2;0;0;;;;;;
zhalyuzi/isolite/772-0855/;35;2;0;1;;;;;;
zhalyuzi/isolite/5563/;26;1;0;0;;;;;;
zhalyuzi/isolite/9013/;30;2;0;1;;;;;;
zhalyuzi/isolite/80023/;35;2;0;0;;;;;;
zhalyuzi/isolite/1443/;22;1;0;0;;;;;;
zhalyuzi/isolite/4273/;26;1;0;1;;;;;;
zhalyuzi/isolite/772-0823/;35;2;0;1;;;;;;
zhalyuzi/isolite/772-0916/;35;2;0;1;;;;;;
zhalyuzi/isolite/273/;26;1;0;1;;;;;;
zhalyuzi/isolite/48-463/;26;1;1;1;;;;;;
zhalyuzi/isolite/503/;26;1;0;1;;;;;;
zhalyuzi/isolite/52-perforaciya1/;30;2;0;1;;;;;;
zhalyuzi/isolite/463/;26;1;0;0;;;;;;
zhalyuzi/isolite/485/;26;1;0;0;;;;;;
zhalyuzi/isolite/443/;26;1;0;1;;;;;;
zhalyuzi/isolite/565/;26;1;0;0;;;;;;
zhalyuzi/isolite/46-483/;30;2;0;1;;;;;;
zhalyuzi/isolite/215/;26;1;0;0;;;;;;
zhalyuzi/isolite/185/;26;1;0;0;;;;;;
zhalyuzi/isolite/173/;26;1;1;1;;;;;;
zhalyuzi/isolite/83/;26;1;0;0;;;;;;
zhalyuzi/isolite/103/;26;1;0;1;;;;;;
zhalyuzi/isolite/33/;26;1;0;0;;;;;;
zhalyuzi/isolite/26/;26;1;0;1;;;;;;
zhalyuzi/isolite/235/;26;1;0;0;;;;;;
zhalyuzi/isolite/23-perforaciya1/;26;1;0;1;;;;;;
zhalyuzi/isolite/253/;26;1;0;1;;;;;;
zhalyuzi/isolite/56-perforaciya1/;30;2;1;1;;;;;;
zhalyuzi/isolite/8843/;26;1;0;0;;;;;;
zhalyuzi/isolite/10453/;35;2;0;0;;;;;;
zhalyuzi/isolite/772-0956/;35;2;0;1;;;;;;
zhalyuzi/isolite/772-0985/;35;2;0;1;;;;;;
zhalyuzi/isolite/1876/;40;3;0;0;;;;;;
zhalyuzi/isolite/130-perforaciya1/;30;2;1;1;;;;;;
zhalyuzi/isolite/1303/;26;1;1;1;;;;;;
zhalyuzi/isolite/673/;26;1;0;1;;;;;;
zhalyuzi/isolite/1093/;26;1;0;1;;;;;;
zhalyuzi/isolite/1044/;26;1;1;1;;;;;;
zhalyuzi/isolite/1063/;26;1;0;1;;;;;;
zhalyuzi/isolite/100-perforaciya1/;30;2;1;1;;;;;;
zhalyuzi/isolite/1005/;40;3;0;0;;;;;;
zhalyuzi/isolite/907/;26;1;0;0;;;;;;
zhalyuzi/isolite/795/;26;1;0;0;;;;;;
zhalyuzi/isolite/893/;26;1;0;0;;;;;;
zhalyuzi/isolite/733/;26;1;1;1;;;;;;
zhalyuzi/isolite/2643/;26;1;0;0;;;;;;
zhalyuzi/isolite/1353/;26;1;0;0;;;;;;
zhalyuzi/na-plastikovyie-okna/gorizontalnye-kassetnye-zhalyuzi-isolite/9014/;30;2;0;1;;;;;;
zhalyuzi/na-plastikovyie-okna/gorizontalnye-kassetnye-zhalyuzi-isolite/772-0958/;35;2;0;1;;;;;;
zhalyuzi/na-plastikovyie-okna/gorizontalnye-kassetnye-zhalyuzi-isolite/70044/;35;2;0;0;;;;;;
zhalyuzi/na-plastikovyie-okna/gorizontalnye-kassetnye-zhalyuzi-isolite/1354/;26;1;0;0;;;;;;
zhalyuzi/na-plastikovyie-okna/gorizontalnye-kassetnye-zhalyuzi-isolite/9034/;35;2;0;0;;;;;;
zhalyuzi/na-plastikovyie-okna/gorizontalnye-kassetnye-zhalyuzi-isolite/80044/;35;2;0;0;;;;;;
zhalyuzi/na-plastikovyie-okna/gorizontalnye-kassetnye-zhalyuzi-isolite/2644/;26;1;0;0;;;;;;
zhalyuzi/na-plastikovyie-okna/gorizontalnye-kassetnye-zhalyuzi-isolite/70084/;35;2;0;0;;;;;;
zhalyuzi/na-plastikovyie-okna/gorizontalnye-kassetnye-zhalyuzi-isolite/10474/;35;2;0;0;;;;;;
zhalyuzi/na-plastikovyie-okna/gorizontalnye-kassetnye-zhalyuzi-isolite/10454/;35;2;0;0;;;;;;
zhalyuzi/na-plastikovyie-okna/gorizontalnye-kassetnye-zhalyuzi-isolite/1884/;26;1;1;1;;;;;;
zhalyuzi/na-plastikovyie-okna/gorizontalnye-kassetnye-zhalyuzi-isolite/772-0824/;35;2;0;1;;;;;;
zhalyuzi/na-plastikovyie-okna/gorizontalnye-kassetnye-zhalyuzi-isolite/772-0987/;35;2;0;1;;;;;;
zhalyuzi/na-plastikovyie-okna/gorizontalnye-kassetnye-zhalyuzi-isolite/80034/;35;2;0;0;;;;;;
zhalyuzi/na-plastikovyie-okna/gorizontalnye-kassetnye-zhalyuzi-isolite/772-0938/;35;2;0;1;;;;;;
zhalyuzi/na-plastikovyie-okna/gorizontalnye-kassetnye-zhalyuzi-isolite/5564/;26;1;0;0;;;;;;
zhalyuzi/na-plastikovyie-okna/gorizontalnye-kassetnye-zhalyuzi-isolite/80014/;35;2;0;0;;;;;;
zhalyuzi/na-plastikovyie-okna/gorizontalnye-kassetnye-zhalyuzi-isolite/1894/;26;1;1;1;;;;;;
zhalyuzi/na-plastikovyie-okna/gorizontalnye-kassetnye-zhalyuzi-isolite/1877/;26;1;0;0;;;;;;
zhalyuzi/na-plastikovyie-okna/gorizontalnye-kassetnye-zhalyuzi-isolite/70074/;35;2;0;0;;;;;;
zhalyuzi/na-plastikovyie-okna/gorizontalnye-kassetnye-zhalyuzi-isolite/1811/;40;3;0;0;;;;;;
zhalyuzi/na-plastikovyie-okna/gorizontalnye-kassetnye-zhalyuzi-isolite/772-0834/;35;2;1;1;;;;;;
zhalyuzi/na-plastikovyie-okna/gorizontalnye-kassetnye-zhalyuzi-isolite/1464/;26;1;0;1;;;;;;
zhalyuzi/na-plastikovyie-okna/gorizontalnye-kassetnye-zhalyuzi-isolite/3004/;26;1;0;0;;;;;;
zhalyuzi/na-plastikovyie-okna/gorizontalnye-kassetnye-zhalyuzi-isolite/1634/;26;1;0;1;;;;;;
zhalyuzi/na-plastikovyie-okna/gorizontalnye-kassetnye-zhalyuzi-isolite/1444/;26;1;0;0;;;;;;
zhalyuzi/na-plastikovyie-okna/gorizontalnye-kassetnye-zhalyuzi-isolite/218/;40;3;0;0;;;;;;
zhalyuzi/na-plastikovyie-okna/gorizontalnye-kassetnye-zhalyuzi-isolite/772-0988/;35;2;0;1;;;;;;
zhalyuzi/na-plastikovyie-okna/gorizontalnye-kassetnye-zhalyuzi-isolite/80024/;35;2;0;0;;;;;;
zhalyuzi/na-plastikovyie-okna/gorizontalnye-kassetnye-zhalyuzi-isolite/238/;40;3;0;0;;;;;;
zhalyuzi/na-plastikovyie-okna/gorizontalnye-kassetnye-zhalyuzi-isolite/772-0937/;35;2;0;1;;;;;;
zhalyuzi/na-plastikovyie-okna/gorizontalnye-kassetnye-zhalyuzi-isolite/70054/;35;2;0;0;;;;;;
zhalyuzi/na-plastikovyie-okna/gorizontalnye-kassetnye-zhalyuzi-isolite/70064/;35;2;0;0;;;;;;
zhalyuzi/na-plastikovyie-okna/gorizontalnye-kassetnye-zhalyuzi-isolite/772-0957/;40;3;0;0;;;;;;
zhalyuzi/na-plastikovyie-okna/gorizontalnye-kassetnye-zhalyuzi-isolite/1878/;40;3;0;0;;;;;;
zhalyuzi/na-plastikovyie-okna/gorizontalnye-kassetnye-zhalyuzi-isolite/772-0858/;35;2;0;1;;;;;;
zhalyuzi/na-plastikovyie-okna/gorizontalnye-kassetnye-zhalyuzi-isolite/1008/;40;3;0;0;;;;;;
zhalyuzi/na-plastikovyie-okna/gorizontalnye-kassetnye-zhalyuzi-isolite/3304/;26;1;1;1;;;;;;
zhalyuzi/na-plastikovyie-okna/gorizontalnye-kassetnye-zhalyuzi-isolite/772-0917/;35;2;1;1;;;;;;
zhalyuzi/na-plastikovyie-okna/gorizontalnye-kassetnye-zhalyuzi-isolite/7534/;26;1;0;0;;;;;;
zhalyuzi/na-plastikovyie-okna/gorizontalnye-kassetnye-zhalyuzi-isolite/56-perforaciya2/;26;1;0;1;;;;;;
zhalyuzi/na-plastikovyie-okna/gorizontalnye-kassetnye-zhalyuzi-isolite/504/;26;1;0;1;;;;;;
zhalyuzi/na-plastikovyie-okna/gorizontalnye-kassetnye-zhalyuzi-isolite/48-464/;26;1;0;0;;;;;;
zhalyuzi/na-plastikovyie-okna/gorizontalnye-kassetnye-zhalyuzi-isolite/274/;26;1;0;1;;;;;;
zhalyuzi/na-plastikovyie-okna/gorizontalnye-kassetnye-zhalyuzi-isolite/237/;26;1;0;1;;;;;;
zhalyuzi/na-plastikovyie-okna/gorizontalnye-kassetnye-zhalyuzi-isolite/444/;26;1;0;0;;;;;;
zhalyuzi/na-plastikovyie-okna/gorizontalnye-kassetnye-zhalyuzi-isolite/254/;26;1;0;1;;;;;;
zhalyuzi/na-plastikovyie-okna/gorizontalnye-kassetnye-zhalyuzi-isolite/464/;26;1;0;0;;;;;;
zhalyuzi/na-plastikovyie-okna/gorizontalnye-kassetnye-zhalyuzi-isolite/1810/;26;1;0;0;;;;;;
zhalyuzi/na-plastikovyie-okna/gorizontalnye-kassetnye-zhalyuzi-isolite/174/;26;1;1;1;;;;;;
zhalyuzi/na-plastikovyie-okna/gorizontalnye-kassetnye-zhalyuzi-isolite/23-perforaciya2/;26;1;0;1;;;;;;
zhalyuzi/na-plastikovyie-okna/gorizontalnye-kassetnye-zhalyuzi-isolite/46-484/;30;2;0;1;;;;;;
zhalyuzi/na-plastikovyie-okna/gorizontalnye-kassetnye-zhalyuzi-isolite/217/;26;1;0;0;;;;;;
zhalyuzi/na-plastikovyie-okna/gorizontalnye-kassetnye-zhalyuzi-isolite/105/;26;1;0;1;;;;;;
zhalyuzi/na-plastikovyie-okna/gorizontalnye-kassetnye-zhalyuzi-isolite/84/;26;1;0;0;;;;;;
zhalyuzi/na-plastikovyie-okna/gorizontalnye-kassetnye-zhalyuzi-isolite/28/;26;1;1;1;;;;;;
zhalyuzi/na-plastikovyie-okna/gorizontalnye-kassetnye-zhalyuzi-isolite/34/;26;1;0;0;;;;;;
zhalyuzi/na-plastikovyie-okna/gorizontalnye-kassetnye-zhalyuzi-isolite/52-perforaciya2/;30;2;0;1;;;;;;
zhalyuzi/na-plastikovyie-okna/gorizontalnye-kassetnye-zhalyuzi-isolite/487/;26;1;0;0;;;;;;
zhalyuzi/na-plastikovyie-okna/gorizontalnye-kassetnye-zhalyuzi-isolite/797/;26;1;0;0;;;;;;
zhalyuzi/na-plastikovyie-okna/gorizontalnye-kassetnye-zhalyuzi-isolite/100-perforaciya2/;30;2;1;1;;;;;;
zhalyuzi/na-plastikovyie-okna/gorizontalnye-kassetnye-zhalyuzi-isolite/798/;40;3;0;0;;;;;;
zhalyuzi/na-plastikovyie-okna/gorizontalnye-kassetnye-zhalyuzi-isolite/772-0857/;35;2;0;1;;;;;;
zhalyuzi/na-plastikovyie-okna/gorizontalnye-kassetnye-zhalyuzi-isolite/10424/;26;1;0;1;;;;;;
zhalyuzi/na-plastikovyie-okna/gorizontalnye-kassetnye-zhalyuzi-isolite/9010/;40;3;0;0;;;;;;
zhalyuzi/na-plastikovyie-okna/gorizontalnye-kassetnye-zhalyuzi-isolite/7374/;26;1;0;0;;;;;;
zhalyuzi/na-plastikovyie-okna/gorizontalnye-kassetnye-zhalyuzi-isolite/568/;26;1;1;1;;;;;;
zhalyuzi/na-plastikovyie-okna/gorizontalnye-kassetnye-zhalyuzi-isolite/4274/;26;1;0;1;;;;;;
zhalyuzi/na-plastikovyie-okna/gorizontalnye-kassetnye-zhalyuzi-isolite/1304/;26;1;1;1;;;;;;
zhalyuzi/na-plastikovyie-okna/gorizontalnye-kassetnye-zhalyuzi-isolite/5524/;35;2;0;0;;;;;;
zhalyuzi/na-plastikovyie-okna/gorizontalnye-kassetnye-zhalyuzi-isolite/130-perforaciya2/;30;2;1;1;;;;;;
zhalyuzi/na-plastikovyie-okna/gorizontalnye-kassetnye-zhalyuzi-isolite/567/;26;1;1;1;;;;;;
zhalyuzi/na-plastikovyie-okna/gorizontalnye-kassetnye-zhalyuzi-isolite/1007/;22;1;0;0;;;;;;
zhalyuzi/na-plastikovyie-okna/gorizontalnye-kassetnye-zhalyuzi-isolite/909/;26;1;0;0;;;;;;
zhalyuzi/na-plastikovyie-okna/gorizontalnye-kassetnye-zhalyuzi-isolite/1094/;26;1;0;1;;;;;;
zhalyuzi/na-plastikovyie-okna/gorizontalnye-kassetnye-zhalyuzi-isolite/1064/;26;1;0;1;;;;;;
zhalyuzi/na-plastikovyie-okna/gorizontalnye-kassetnye-zhalyuzi-isolite/894/;26;1;0;0;;;;;;
zhalyuzi/na-plastikovyie-okna/gorizontalnye-kassetnye-zhalyuzi-isolite/734/;26;1;0;1;;;;;;
zhalyuzi/na-plastikovyie-okna/gorizontalnye-kassetnye-zhalyuzi-isolite/1046/;26;1;0;1;;;;;;
zhalyuzi/na-plastikovyie-okna/gorizontalnye-kassetnye-zhalyuzi-isolite/674/;30;2;1;1;;;;;;
zhalyuzi/na-plastikovyie-okna/gorizontalnye-kassetnye-zhalyuzi-isolite/772-0918/;35;2;0;1;;;;;;
zhalyuzi/plisse/textura-silk-topar-plus-4122/;;;0;1;;;;;;
zhalyuzi/plisse/krep-perla-27461/;;;0;1;;;;;;
zhalyuzi/plisse/chintz-topar-plus-5822/;;;0;1;;;;;;
zhalyuzi/plisse/krep-56123/;;;0;1;;;;;;
zhalyuzi/plisse/krep-perla-42901/;;;0;1;;;;;;
zhalyuzi/plisse/krep-perla-52521/;;;0;1;;;;;;
zhalyuzi/plisse/chintz-topar-plus-5872/;;;0;1;;;;;;
zhalyuzi/plisse/chintz-topar-plus-5877/;;;0;1;;;;;;
zhalyuzi/plisse/krep-perla-42101/;;;0;1;;;;;;
zhalyuzi/plisse/krep-perla-34651/;;;0;1;;;;;;
zhalyuzi/plisse/krep-02251/;;;0;1;;;;;;
zhalyuzi/plisse/chintz-topar-plus-5810/;;;0;1;;;;;;
zhalyuzi/plisse/oscura-luna-6271/;;;0;1;;;;;;
zhalyuzi/plisse/zenit-4021/;;;0;1;;;;;;
zhalyuzi/plisse/krep-42101/;;;0;1;;;;;;
zhalyuzi/plisse/niagara-4543/;;;0;1;;;;;;
zhalyuzi/plisse/krep-16081/;;;0;1;;;;;;
zhalyuzi/plisse/strip-4216/;;;0;1;;;;;;
zhalyuzi/plisse/chintz-topar-plus-5800/;;;0;1;;;;;;
zhalyuzi/plisse/ligne-4804/;;;0;1;;;;;;
zhalyuzi/plisse/ligne-4809/;;;0;1;;;;;;
zhalyuzi/plisse/duette-fixe-elan-7220/;;;0;1;;;;;;
zhalyuzi/plisse/chintz-topar-plus-5890/;;;0;1;;;;;;
zhalyuzi/plisse/krep-32103/;;;0;1;;;;;;
zhalyuzi/plisse/niagara-4593/;;;0;1;;;;;;
zhalyuzi/plisse/strip-4215/;;;0;1;;;;;;
zhalyuzi/plisse/krep-perla-28701/;;;0;1;;;;;;
zhalyuzi/plisse/chintz-topar-plus-5846/;;;0;1;;;;;;
zhalyuzi/plisse/krep-perla-19081/;;;0;1;;;;;;
zhalyuzi/plisse/krep-perla-32101/;;;0;1;;;;;;
zhalyuzi/plisse/chintz-topar-plus-5849/;;;0;1;;;;;;
zhalyuzi/plisse/chintz-topar-plus-5820/;;;0;1;;;;;;
zhalyuzi/plisse/crepe-metall-4510/;;;0;1;;;;;;
zhalyuzi/plisse/niagara-4523/;;;0;1;;;;;;
zhalyuzi/plisse/trevira-cs-4220/;;;0;1;;;;;;
zhalyuzi/plisse/ligne-4806/;;;0;1;;;;;;
zhalyuzi/plisse/duette-fixe-elan-7200/;;;0;1;;;;;;
zhalyuzi/plisse/krep-perla-56121/;;;0;1;;;;;;
zhalyuzi/plisse/zenit-4000/;;;0;1;;;;;;
zhalyuzi/plisse/oscura-luna-6297/;;;0;1;;;;;;
zhalyuzi/plisse/krep-28701/;;;0;1;;;;;;
zhalyuzi/plisse/oscura-luna-6240/;;;0;1;;;;;;
zhalyuzi/plisse/krep-40771/;;;0;1;;;;;;
zhalyuzi/plisse/krep-perla-34991/;;;0;1;;;;;;
zhalyuzi/plisse/chintz-topar-plus-5885/;;;0;1;;;;;;
zhalyuzi/plisse/krep-32041/;;;0;1;;;;;;
zhalyuzi/plisse/textura-silk-topar-plus-4163/;;;0;1;;;;;;
zhalyuzi/plisse/textura-silk-topar-plus-4181/;;;0;1;;;;;;
zhalyuzi/plisse/crush-dustblock-3681/;;;0;1;;;;;;
zhalyuzi/plisse/chintz-topar-plus-5886/;;;0;1;;;;;;
zhalyuzi/plisse/strip-4217/;;;0;1;;;;;;
zhalyuzi/plisse/krep-42211/;;;0;1;;;;;;
zhalyuzi/plisse/textura-3970/;;;0;1;;;;;;
zhalyuzi/plisse/oscura-luna-6256/;;;0;1;;;;;;
zhalyuzi/plisse/krep-perla-58501/;;;0;1;;;;;;
zhalyuzi/plisse/krep-perla-02251/;;;0;1;;;;;;
zhalyuzi/plisse/krep-56122/;;;0;1;;;;;;
zhalyuzi/plisse/crepe-metall-4530/;;;0;1;;;;;;
zhalyuzi/plisse/trevira-cs-4221/;;;0;1;;;;;;
zhalyuzi/plisse/zenit-4075/;;;0;1;;;;;;
zhalyuzi/plisse/duette-fixe-elan-7235/;;;0;1;;;;;;
zhalyuzi/plisse/ligne-4800/;;;0;1;;;;;;
zhalyuzi/plisse/krep-perla-16081/;;;0;1;;;;;;
zhalyuzi/plisse/niagara-4548/;;;0;1;;;;;;
zhalyuzi/plisse/krash-perla-51731/;;;0;1;;;;;;
zhalyuzi/plisse/krash-perla-45231/;;;0;1;;;;;;
zhalyuzi/plisse/krash-perla-48581/;;;0;1;;;;;;
zhalyuzi/plisse/krash-perla-42921/;;;0;1;;;;;;
zhalyuzi/plisse/krash-perla-42211/;;;0;1;;;;;;
zhalyuzi/plisse/krash-perla-41581/;;;0;1;;;;;;
zhalyuzi/plisse/krash-perla-42021/;;;0;1;;;;;;
zhalyuzi/plisse/krash-perla-40771/;;;0;1;;;;;;
zhalyuzi/plisse/krash-perla-34991/;;;0;1;;;;;;
zhalyuzi/plisse/krash-perla-40631/;;;0;1;;;;;;
zhalyuzi/plisse/krash-perla-32101/;;;0;1;;;;;;
zhalyuzi/plisse/krash-perla-34901/;;;0;1;;;;;;
zhalyuzi/plisse/krash-perla-28701/;;;0;1;;;;;;
zhalyuzi/plisse/krash-perla-53021/;;;0;1;;;;;;
zhalyuzi/plisse/krash-perla-19081/;;;0;1;;;;;;
zhalyuzi/plisse/krash-perla-22591/;;;0;1;;;;;;
zhalyuzi/plisse/krash-perla-27461/;;;0;1;;;;;;
zhalyuzi/plisse/krash-perla-24061/;;;0;1;;;;;;
zhalyuzi/plisse/krash-perla-0225/;;;0;1;;;;;;
zhalyuzi/plisse/krash-perla-17101/;;;0;1;;;;;;
zhalyuzi/plisse/krash-metall1/;;;0;1;;;;;;
zhalyuzi/plisse/kent-24061/;;;0;1;;;;;;
zhalyuzi/plisse/kent-02251/;;;0;1;;;;;;
zhalyuzi/plisse/isfahan-4210/;;;0;1;;;;;;
zhalyuzi/plisse/dzhakarta-84501/;;;0;1;;;;;;
zhalyuzi/plisse/isfahan-4200/;;;0;1;;;;;;
zhalyuzi/plisse/isfahan-1608/;;;0;1;;;;;;
zhalyuzi/plisse/isfahan-2746/;;;0;1;;;;;;
zhalyuzi/plisse/krash-perla-28681/;;;0;1;;;;;;
zhalyuzi/plisse/trevira-cs-4223/;;;0;1;;;;;;
zhalyuzi/plisse/krash-perla-55011/;;;0;1;;;;;;
zhalyuzi/plisse/krash-02251/;;;0;1;;;;;;
zhalyuzi/plisse/oscura-luna-6200/;;;0;1;;;;;;
zhalyuzi/plisse/oscura-luna-6203/;;;0;1;;;;;;
zhalyuzi/plisse/krep-32102/;;;0;1;;;;;;
zhalyuzi/plisse/niagara-4511/;;;0;1;;;;;;
zhalyuzi/plisse/textura-silk-topar-plus-4152/;;;0;1;;;;;;
zhalyuzi/plisse/crush-dustblock-3672/;;;0;1;;;;;;
zhalyuzi/plisse/duette-fixe-elan-7225/;;;0;1;;;;;;
zhalyuzi/plisse/textura-silk-topar-plus-4126/;;;0;1;;;;;;
zhalyuzi/plisse/krep-34991/;;;0;1;;;;;;
zhalyuzi/plisse/chintz-topar-plus-5887/;;;0;1;;;;;;
zhalyuzi/plisse/krep-19081/;;;0;1;;;;;;
zhalyuzi/plisse/krep-perla-51731/;;;0;1;;;;;;
zhalyuzi/plisse/textura-silk-topar-plus-4151/;;;0;1;;;;;;
zhalyuzi/plisse/krash-perla-56121/;;;0;1;;;;;;
zhalyuzi/plisse/krep-34651/;;;0;1;;;;;;
zhalyuzi/plisse/zenit-4016/;;;0;1;;;;;;
zhalyuzi/plisse/krep-perla-42211/;;;0;1;;;;;;
zhalyuzi/plisse/duette-fixe-elan-7211/;;;0;1;;;;;;
zhalyuzi/plisse/textura-silk-topar-plus-4120/;;;0;1;;;;;;
zhalyuzi/plisse/krash-40641/;;;0;1;;;;;;
zhalyuzi/plisse/krep-perla-24061/;;;0;1;;;;;;
zhalyuzi/plisse/chintz-topar-plus-5874/;;;0;1;;;;;;
zhalyuzi/plisse/krep-51731/;;;0;1;;;;;;
zhalyuzi/plisse/crepe-metall-4520/;;;0;1;;;;;;
zhalyuzi/plisse/krash-55011/;;;0;1;;;;;;
zhalyuzi/plisse/duette-fixe-elan-7230/;;;0;1;;;;;;
zhalyuzi/plisse/krep-24061/;;;0;1;;;;;;
zhalyuzi/plisse/krep-perla-40771/;;;0;1;;;;;;
zhalyuzi/plisse/ligne-4802/;;;0;1;;;;;;
zhalyuzi/plisse/krep-27461/;;;0;1;;;;;;
zhalyuzi/vertikalnye/plastikovyie/odessa-stalnoj1/;45;2;0;1;;;;;;
zhalyuzi/vertikalnye/plastikovyie/odessa-temno-rozovyj/;45;2;0;1;;;;;;
zhalyuzi/vertikalnye/plastikovyie/odessa-terrakot1/;45;2;1;1;;;;;;
zhalyuzi/vertikalnye/plastikovyie/opus-9101/;35;1;0;1;;;;;;
zhalyuzi/vertikalnye/plastikovyie/standart-3001/;22;1;1;1;;;;;;
zhalyuzi/vertikalnye/plastikovyie/odessa-bordovyj/;45;2;0;1;;;;;;
zhalyuzi/vertikalnye/plastikovyie/odessa-zheltyj/;45;2;0;1;;;;;;
zhalyuzi/vertikalnye/plastikovyie/ribkord-3021/;25;1;1;1;;;;;;
zhalyuzi/vertikalnye/plastikovyie/frost-serebro1/;35;1;0;0;;;;;;
zhalyuzi/vertikalnye/plastikovyie/traffik-6901/;37;1;0;1;;;;;;
zhalyuzi/vertikalnye/plastikovyie/odessa-temno-zelenyj/;45;2;1;1;;;;;;
zhalyuzi/vertikalnye/plastikovyie/odessa-fioletovyj/;45;2;0;1;;;;;;
zhalyuzi/vertikalnye/plastikovyie/frost-zoloto1/;37;1;0;1;;;;;;
zhalyuzi/vertikalnye/plastikovyie/odessa-seryj/;45;2;1;1;;;;;;
zhalyuzi/vertikalnye/plastikovyie/ribkord-300/;25;1;0;1;;;;;;
zhalyuzi/vertikalnye/plastikovyie/standart-3021/;22;1;1;1;;;;;;
zhalyuzi/vertikalnye/plastikovyie/odessa-persikovyj/;45;2;1;1;;;;;;
zhalyuzi/vertikalnye/plastikovyie/traffik-7901/;37;1;0;1;;;;;;
zhalyuzi/vertikalnye/plastikovyie/opus-0101/;35;1;0;1;;;;;;
zhalyuzi/vertikalnye/plastikovyie/odessa-sinij1/;45;2;0;1;;;;;;
zhalyuzi/vertikalnye/plastikovyie/standart-3011/;22;1;0;1;;;;;;
zhalyuzi/vertikalnye/plastikovyie/ribkord-3011/;25;1;0;1;;;;;;
zhalyuzi/vertikalnye/plastikovyie/odessa-bezhevyj/;45;2;1;1;;;;;;
zhalyuzi/vertikalnye/plastikovyie/tigrovyj-glaz/;35;1;0;0;;;;;;
zhalyuzi/vertikalnye/plastikovyie/ajsis-temno-zelenyj/;45;2;0;1;;;;;;
zhalyuzi/vertikalnye/plastikovyie/buk1/;35;1;0;0;;;;;;
zhalyuzi/vertikalnye/plastikovyie/arabel-salatovyj/;45;2;0;1;;;;;;
zhalyuzi/vertikalnye/plastikovyie/dzhungli-bezhevyj/;49;3;1;1;;;;;;
zhalyuzi/vertikalnye/plastikovyie/dzhungli-belyj/;49;3;0;1;;;;;;
zhalyuzi/vertikalnye/plastikovyie/dzhungli-zelenyj/;49;3;1;1;;;;;;
zhalyuzi/vertikalnye/plastikovyie/dub1/;35;1;0;0;;;;;;
zhalyuzi/vertikalnye/plastikovyie/dzhungli-lilovyj/;49;3;0;1;;;;;;
zhalyuzi/vertikalnye/plastikovyie/kapello-zelenyj/;47;3;0;1;;;;;;
zhalyuzi/vertikalnye/plastikovyie/kapello-bezhevyj/;47;3;1;1;;;;;;
zhalyuzi/vertikalnye/plastikovyie/madzhestik-bezhevyj/;47;3;0;1;;;;;;
zhalyuzi/vertikalnye/plastikovyie/kapello-olivkovyj/;47;3;0;1;;;;;;
zhalyuzi/vertikalnye/plastikovyie/madzhestik-zheltyj/;47;3;0;1;;;;;;
zhalyuzi/vertikalnye/plastikovyie/madzhestik-temno-zelenyj/;47;3;0;1;;;;;;
zhalyuzi/vertikalnye/plastikovyie/madzhestik-zelenyj/;47;3;1;1;;;;;;
zhalyuzi/vertikalnye/plastikovyie/mone-zeleno-goluboj1/;50;3;1;1;;;;;;
zhalyuzi/vertikalnye/plastikovyie/mone-olivkovo-rozovyj/;50;3;0;1;;;;;;
zhalyuzi/vertikalnye/plastikovyie/ajsis-svetlo-zelenyj/;45;2;0;1;;;;;;
zhalyuzi/vertikalnye/plastikovyie/odessa-akvamarin1/;45;2;0;1;;;;;;
zhalyuzi/vertikalnye/plastikovyie/kapello-mednyj/;47;3;1;1;;;;;;
zhalyuzi/vertikalnye/plastikovyie/arabel-goluboj1/;45;2;0;1;;;;;;
zhalyuzi/vertikalnye/tkanevye/venera-2-sirenevyj/;18;1;1;1;;;;;;
zhalyuzi/vertikalnye/tkanevye/metallik-modern-zoloto1/;26;2;0;0;;;;;;
zhalyuzi/vertikalnye/tkanevye/shyolk-svetlo-bezhevyj/;20;1;1;1;;;;;;
zhalyuzi/vertikalnye/tkanevye/rio-zheltyj/;18;1;0;1;;;;;;
zhalyuzi/vertikalnye/tkanevye/zamsha-sv-korichnevyj/;31;3;0;1;;;;;;
zhalyuzi/vertikalnye/tkanevye/shantung-kremovyj/;18;1;0;0;;;;;;
zhalyuzi/vertikalnye/tkanevye/rio-tabachnyj/;18;1;0;1;;;;;;
zhalyuzi/vertikalnye/tkanevye/malta-karamel1/;15;1;0;1;;;;;;
zhalyuzi/vertikalnye/tkanevye/ejlat-bezhevyj/;22;2;0;1;;;;;;
zhalyuzi/vertikalnye/tkanevye/bali-svetlo-goluboj/;18;1;0;1;;;;;;
zhalyuzi/vertikalnye/tkanevye/skazka-svetlo-seryj/;22;2;0;0;;;;;;
zhalyuzi/vertikalnye/tkanevye/rejn-persikovyj/;15;1;1;1;;;;;;
zhalyuzi/vertikalnye/tkanevye/malta-zelenyj/;15;1;1;1;;;;;;
zhalyuzi/vertikalnye/tkanevye/krit-mindal1/;43;3;0;0;;;;;;
zhalyuzi/vertikalnye/tkanevye/optima-svetlo-bezhevyj/;23;2;0;1;;;;;;
zhalyuzi/vertikalnye/tkanevye/rejn-svetlo-zelenyj/;15;1;0;1;;;;;;
zhalyuzi/vertikalnye/tkanevye/seul-bezhevyj/;15;1;0;1;;;;;;
zhalyuzi/vertikalnye/tkanevye/optima-salatovyj/;23;2;0;1;;;;;;
zhalyuzi/vertikalnye/tkanevye/milan-kremovyj/;18;1;0;1;;;;;;
zhalyuzi/vertikalnye/tkanevye/disko-oranzhevyj/;13;1;0;0;;;;;;
zhalyuzi/vertikalnye/tkanevye/rejn-mokko1/;15;1;1;1;;;;;;
zhalyuzi/vertikalnye/tkanevye/shikatan-chajnaya-ceremoniya-temno-bezhevyj/;43;3;0;1;;;;;;
zhalyuzi/vertikalnye/tkanevye/zhakard-blekaut-belyj/;22;2;0;1;;;;;;
zhalyuzi/vertikalnye/tkanevye/shyolk-temno-bezhevyj/;20;2;1;1;;;;;;
zhalyuzi/vertikalnye/tkanevye/zamsha-sv-bezhevyj/;31;3;0;1;;;;;;
zhalyuzi/vertikalnye/tkanevye/studio-krasnyj/;43;3;0;0;;;;;;
zhalyuzi/vertikalnye/tkanevye/shantung-belyj2/;18;1;0;0;;;;;;
zhalyuzi/vertikalnye/tkanevye/tvist-belyj/;22;2;0;0;;;;;;
zhalyuzi/vertikalnye/tkanevye/side-blekaut-bezhevyj/;21;2;1;1;;;;;;
zhalyuzi/vertikalnye/tkanevye/skazka-korichnevyj/;22;2;0;0;;;;;;
zhalyuzi/vertikalnye/tkanevye/rio-fioletovyj/;18;1;0;1;;;;;;
zhalyuzi/vertikalnye/tkanevye/optima-bezhevyj/;31;3;0;1;;;;;;
zhalyuzi/vertikalnye/tkanevye/zhemchug-blekaut-zelenyj/;31;3;0;1;;;;;;
zhalyuzi/vertikalnye/tkanevye/tvist-svetlo-bezhevyj/;22;2;0;0;;;;;;
zhalyuzi/vertikalnye/tkanevye/ratan-belyj/;23;2;0;1;;;;;;
zhalyuzi/vertikalnye/tkanevye/tvist-biryuzovyj/;22;2;0;0;;;;;;
zhalyuzi/vertikalnye/tkanevye/shyolk-morozno-goluboj-svetlyj/;20;2;1;1;;;;;;
zhalyuzi/vertikalnye/tkanevye/ofeliya-korichnevyj/;20;2;1;1;;;;;;
zhalyuzi/vertikalnye/tkanevye/venera-2-temno-bezhevyj/;18;1;1;1;;;;;;
zhalyuzi/vertikalnye/tkanevye/skrin-svetlo-korichnevyj/;27;2;0;1;;;;;;
zhalyuzi/vertikalnye/tkanevye/bejrut-2-rozovyj/;22;2;0;1;;;;;;
zhalyuzi/vertikalnye/tkanevye/zhakard-belyj/;22;2;0;1;;;;;;
zhalyuzi/vertikalnye/tkanevye/venera-2-persikovyj/;18;1;1;1;;;;;;
zhalyuzi/vertikalnye/tkanevye/studio-serebristyj/;43;3;0;0;;;;;;
zhalyuzi/vertikalnye/tkanevye/side-blekaut-belyj/;21;2;0;1;;;;;;
zhalyuzi/vertikalnye/tkanevye/dzhangl-rozovyj/;23;2;0;1;;;;;;
zhalyuzi/vertikalnye/tkanevye/zhemchug-persikovyj/;26;2;0;1;;;;;;
zhalyuzi/vertikalnye/tkanevye/venera-2-belyj/;18;1;0;1;;;;;;
zhalyuzi/vertikalnye/tkanevye/venera-tehno-zoloto/;31;3;0;1;;;;;;
zhalyuzi/vertikalnye/tkanevye/bali-goluboj1/;18;1;0;1;;;;;;
zhalyuzi/vertikalnye/tkanevye/ofeliya-sinij1/;20;1;0;1;;;;;;
zhalyuzi/vertikalnye/tkanevye/metallik-modern-rubin1/;26;2;0;0;;;;;;
zhalyuzi/vertikalnye/tkanevye/venera-2-serebro1/;18;1;0;1;;;;;;
zhalyuzi/vertikalnye/tkanevye/rio-alyj/;18;1;0;1;;;;;;
zhalyuzi/vertikalnye/tkanevye/dzhangl-zelenyj/;23;2;0;1;;;;;;
zhalyuzi/vertikalnye/tkanevye/rejn-temno-persikovyj/;15;1;1;1;;;;;;
zhalyuzi/vertikalnye/tkanevye/dzhangl-serebro1/;23;2;0;1;;;;;;
zhalyuzi/vertikalnye/tkanevye/zhemchug-belyj/;26;2;0;1;;;;;;
zhalyuzi/vertikalnye/tkanevye/bejrut-2-bezhevyj/;22;2;0;1;;;;;;
zhalyuzi/vertikalnye/tkanevye/flora-zolotistyj/;18;1;1;1;;;;;;
zhalyuzi/vertikalnye/tkanevye/bali-sinij1/;18;1;1;1;;;;;;
zhalyuzi/vertikalnye/tkanevye/bali-malina1/;18;1;0;1;;;;;;
zhalyuzi/vertikalnye/tkanevye/dzhangl-belyj/;23;2;0;1;;;;;;
zhalyuzi/vertikalnye/tkanevye/skazka-bordo1/;22;2;0;0;;;;;;
zhalyuzi/vertikalnye/tkanevye/shikatan-chio-chio-san1/;43;3;0;1;;;;;;
zhalyuzi/vertikalnye/tkanevye/bali-serebro1/;18;1;0;1;;;;;;
zhalyuzi/vertikalnye/tkanevye/optima-svetlo-krasnyj/;23;2;0;1;;;;;;
zhalyuzi/vertikalnye/tkanevye/bejrut-2-belyj/;22;2;0;1;;;;;;
zhalyuzi/vertikalnye/tkanevye/disko-zheltyj/;13;1;0;0;;;;;;
zhalyuzi/vertikalnye/tkanevye/shyolk-svetlo-limonnyj/;20;1;0;1;;;;;;
zhalyuzi/vertikalnye/tkanevye/skrin-temno-bezhevyj/;27;2;1;1;;;;;;
zhalyuzi/vertikalnye/tkanevye/venera-2-seryj/;18;1;0;1;;;;;;
zhalyuzi/vertikalnye/tkanevye/side-seryj/;15;1;1;1;;;;;;
zhalyuzi/vertikalnye/tkanevye/rio-temno-zelenyj/;18;1;0;1;;;;;;
zhalyuzi/vertikalnye/tkanevye/side-belyj/;15;1;0;1;;;;;;
zhalyuzi/vertikalnye/tkanevye/dzhangl-bezhevyj/;23;2;0;1;;;;;;
zhalyuzi/vertikalnye/tkanevye/venera-2-zoloto1/;18;1;0;1;;;;;;
zhalyuzi/vertikalnye/tkanevye/shikatan-chajnaya-ceremoniya-svetlo-bezhevyj/;43;3;0;1;;;;;;
zhalyuzi/vertikalnye/tkanevye/shyolk-temno-zelenyj/;20;1;0;1;;;;;;
zhalyuzi/vertikalnye/tkanevye/ofis-blekaut-perlamutr1/;23;2;0;0;;;;;;
zhalyuzi/vertikalnye/tkanevye/zodiak-belyj/;15;1;0;1;;;;;;
zhalyuzi/vertikalnye/tkanevye/skazka-svetlo-korichnevyj/;22;2;0;0;;;;;;
zhalyuzi/vertikalnye/tkanevye/rio-svetlo-zheltyj/;18;1;0;1;;;;;;
zhalyuzi/vertikalnye/tkanevye/milan-rozovyj/;18;1;0;1;;;;;;
zhalyuzi/vertikalnye/tkanevye/rio-persikovyj/;18;1;0;1;;;;;;
zhalyuzi/vertikalnye/tkanevye/side-sirenevyj/;15;1;1;1;;;;;;
zhalyuzi/vertikalnye/tkanevye/skazka-melba1/;22;2;0;0;;;;;;
zhalyuzi/vertikalnye/tkanevye/len-svetlo-bezhevyj/;23;2;0;1;;;;;;
zhalyuzi/vertikalnye/tkanevye/shyolk-svetlo-zelenyj/;20;1;0;1;;;;;;
zhalyuzi/vertikalnye/tkanevye/zhemchug-goluboj1/;26;2;0;1;;;;;;
zhalyuzi/vertikalnye/tkanevye/rio-goluboj1/;18;1;0;1;;;;;;
zhalyuzi/vertikalnye/tkanevye/zhemchug-blekaut-persikovyj/;26;2;0;1;;;;;;
zhalyuzi/vertikalnye/tkanevye/rejn-belyj/;15;1;0;1;;;;;;
zhalyuzi/vertikalnye/tkanevye/dzhangl-zoloto1/;23;2;0;1;;;;;;
zhalyuzi/vertikalnye/tkanevye/flora-kremovyj2/;18;1;1;1;;;;;;
zhalyuzi/vertikalnye/tkanevye/ofis-blekaut-metallik1/;23;2;0;0;;;;;;
zhalyuzi/vertikalnye/tkanevye/malta-bezhevyj/;15;1;0;1;;;;;;
zhalyuzi/vertikalnye/tkanevye/bali-zelenyj/;18;1;0;1;;;;;;
zhalyuzi/vertikalnye/tkanevye/osaka-bezhevyj/;43;3;0;0;;;;;;
zhalyuzi/vertikalnye/tkanevye/shyolk-zhemchuzhno-seryj/;20;1;1;1;;;;;;
zhalyuzi/vertikalnye/tkanevye/side-zelenyj/;15;1;0;1;;;;;;
zhalyuzi/vertikalnye/tkanevye/shikatan-chajnaya-ceremoniya-belyj/;43;3;0;1;;;;;;
zhalyuzi/vertikalnye/tkanevye/malta-kremovyj/;15;1;0;1;;;;;;
zhalyuzi/vertikalnye/tkanevye/bali-nebesno-goluboj1/;18;1;0;1;;;;;;
zhalyuzi/vertikalnye/tkanevye/bali-fistashkovyj/;18;1;0;1;;;;;;
zhalyuzi/vertikalnye/tkanevye/zhakard-blekaut-zelenyj/;22;2;0;1;;;;;;
zhalyuzi/vertikalnye/tkanevye/dzhangl-goluboj1/;23;2;0;1;;;;;;
zhalyuzi/vertikalnye/tkanevye/sutra-svetlo-bezhevyj/;47;3;0;1;;;;;;
zhalyuzi/vertikalnye/tkanevye/ratan-bezhevyj/;23;2;0;1;;;;;;
zhalyuzi/vertikalnye/tkanevye/bali-persikovyj/;18;1;0;1;;;;;;
zhalyuzi/vertikalnye/tkanevye/seul-belyj/;15;1;0;1;;;;;;
zhalyuzi/vertikalnye/tkanevye/dzhangl-bronzovyj-metallik/;23;2;0;1;;;;;;
zhalyuzi/vertikalnye/tkanevye/skrin-svetlo-seryj/;27;2;1;1;;;;;;
zhalyuzi/vertikalnye/tkanevye/zhemchug-seryj/;26;2;0;1;;;;;;
zhalyuzi/vertikalnye/tkanevye/metallik-modern-izumrud/;26;2;0;0;;;;;;
zhalyuzi/vertikalnye/tkanevye/zhakard-bezhevyj/;22;2;0;1;;;;;;
zhalyuzi/vertikalnye/tkanevye/shyolk-chernyj/;20;1;0;1;;;;;;
zhalyuzi/vertikalnye/tkanevye/side-mokko1/;15;1;1;1;;;;;;
zhalyuzi/vertikalnye/tkanevye/side-terra1/;15;1;0;1;;;;;;
zhalyuzi/vertikalnye/tkanevye/side-blekaut-seryj/;21;2;1;1;;;;;;
zhalyuzi/vertikalnye/tkanevye/ofeliya-seryj/;20;1;0;1;;;;;;
zhalyuzi/vertikalnye/tkanevye/seul-zelenyj/;15;1;0;1;;;;;;
zhalyuzi/vertikalnye/tkanevye/flora-olivkovyj/;18;1;0;1;;;;;;
zhalyuzi/vertikalnye/tkanevye/rio-krasnyj/;18;1;0;1;;;;;;
zhalyuzi/vertikalnye/tkanevye/malta-seryj/;15;1;0;1;;;;;;
zhalyuzi/vertikalnye/tkanevye/avrora-bezhevyj/;18;1;0;1;;;;;;
zhalyuzi/vertikalnye/tkanevye/venera-2-svetlo-rozovyj/;18;1;0;1;;;;;;
zhalyuzi/vertikalnye/tkanevye/kyoln-bezhevyj/;13;1;1;1;;;;;;
zhalyuzi/vertikalnye/tkanevye/kyoln-belyj/;13;1;0;1;;;;;;
zhalyuzi/vertikalnye/tkanevye/lajn-ii-terra1/;10.21;1;0;1;;;;;;
zhalyuzi/vertikalnye/tkanevye/lejla-temno-bezhevyj/;24;2;0;1;;;;;;
zhalyuzi/vertikalnye/tkanevye/lajn-goluboj1/;10.21;1;1;1;;;;;;
zhalyuzi/vertikalnye/tkanevye/lajn-zheltyj/;10.21;1;0;1;;;;;;
zhalyuzi/vertikalnye/tkanevye/kyoln-goluboj1/;13;1;0;1;;;;;;
zhalyuzi/vertikalnye/tkanevye/zhemchug-zheltyj/;26;2;0;1;;;;;;
zhalyuzi/vertikalnye/tkanevye/rio-shokolad1/;18;1;0;1;;;;;;
zhalyuzi/vertikalnye/tkanevye/rio-oranzhevyj/;18;1;0;1;;;;;;
zhalyuzi/vertikalnye/tkanevye/disko-rozovyj/;13;1;0;0;;;;;;
zhalyuzi/vertikalnye/tkanevye/seul-goluboj1/;15;1;0;1;;;;;;
zhalyuzi/vertikalnye/tkanevye/lejla-bezhevyj/;24;2;0;1;;;;;;
zhalyuzi/vertikalnye/tkanevye/skrin-seryj/;27;2;1;1;;;;;;
zhalyuzi/vertikalnye/tkanevye/malta-persikovyj/;15;1;0;1;;;;;;
zhalyuzi/vertikalnye/tkanevye/flora-terrakotovyj/;18;1;1;1;;;;;;
zhalyuzi/vertikalnye/tkanevye/bali-temno-krasnyj/;18;1;0;1;;;;;;
zhalyuzi/vertikalnye/tkanevye/zhakard-blekaut-seryj/;22;2;0;1;;;;;;
zhalyuzi/vertikalnye/tkanevye/rio-kremovyj/;18;1;1;1;;;;;;
zhalyuzi/vertikalnye/tkanevye/side-fuksiya1/;15;1;0;1;;;;;;
zhalyuzi/vertikalnye/tkanevye/bali-temno-zelenyj/;18;1;0;1;;;;;;
zhalyuzi/vertikalnye/tkanevye/rejn-temno-bezhevyj/;15;1;1;1;;;;;;
zhalyuzi/vertikalnye/tkanevye/disko-bezhevyj/;13;1;0;0;;;;;;
zhalyuzi/vertikalnye/tkanevye/shyolk-belyj/;20;1;0;1;;;;;;
zhalyuzi/vertikalnye/tkanevye/bali-shokolad1/;18;1;0;1;;;;;;
zhalyuzi/vertikalnye/tkanevye/malta-svetlo-rozovyj/;15;1;0;1;;;;;;
zhalyuzi/vertikalnye/tkanevye/studio-terrakotovyj/;43;3;0;0;;;;;;
zhalyuzi/vertikalnye/tkanevye/zhakard-blekaut-persikovyj/;30;3;0;1;;;;;;
zhalyuzi/vertikalnye/tkanevye/edem-bezhevyj/;18;1;1;1;;;;;;
zhalyuzi/vertikalnye/tkanevye/lajn-ii-temno-seryj/;10.21;1;0;1;;;;;;
zhalyuzi/vertikalnye/tkanevye/lajn-ii-temno-rozovyj/;10.21;1;0;1;;;;;;
zhalyuzi/vertikalnye/tkanevye/avrora-belyj/;18;1;0;1;;;;;;
zhalyuzi/vertikalnye/tkanevye/avrora-zelenyj/;18;1;0;1;;;;;;
zhalyuzi/vertikalnye/tkanevye/avrora-goluboj1/;18;1;0;1;;;;;;
zhalyuzi/vertikalnye/tkanevye/aruba-temno-bezhevyj2/;20;1;0;1;;;;;;
zhalyuzi/vertikalnye/tkanevye/avrora-rozovyj/;18;1;0;1;;;;;;
zhalyuzi/vertikalnye/tkanevye/avrora-persikovyj/;18;1;1;1;;;;;;
zhalyuzi/vertikalnye/tkanevye/bali-bezhevyj/;18;1;0;1;;;;;;
zhalyuzi/vertikalnye/tkanevye/bali-apelsin1/;18;1;0;1;;;;;;
zhalyuzi/vertikalnye/tkanevye/bali-belyj/;18;1;0;1;;;;;;
zhalyuzi/vertikalnye/tkanevye/lajn-ii-goluboj1/;10.21;1;1;1;;;;;;
zhalyuzi/vertikalnye/tkanevye/lajn-ii-biryuzovyj/;10.21;1;1;1;;;;;;
zhalyuzi/vertikalnye/tkanevye/lajn-ii-belyj/;10.21;1;1;1;;;;;;
zhalyuzi/vertikalnye/tkanevye/lajn-ii-zheltyj/;10.21;1;0;1;;;;;;
zhalyuzi/vertikalnye/tkanevye/lajn-ii-temno-sinij1/;10.21;1;0;1;;;;;;
zhalyuzi/vertikalnye/tkanevye/kyoln-biryuza1/;13;1;1;1;;;;;;
zhalyuzi/vertikalnye/tkanevye/lajn-ii-krasnyj/;10.21;1;0;1;;;;;;
zhalyuzi/vertikalnye/tkanevye/lajn-ii-korichnevyj/;10.21;1;0;1;;;;;;
zhalyuzi/vertikalnye/tkanevye/lajn-ii-svetlo-bezhevyj/;10.21;1;1;1;;;;;;
zhalyuzi/vertikalnye/tkanevye/lajn-ii-rozovyj/;10.21;1;0;1;;;;;;
zhalyuzi/vertikalnye/tkanevye/lajn-ii-limonnyj/;10.21;1;1;1;;;;;;
zhalyuzi/vertikalnye/tkanevye/lajn-ii-olivkovyj/;10.21;1;0;1;;;;;;
zhalyuzi/vertikalnye/tkanevye/lajn-ii-persikovyj/;10.21;1;0;1;;;;;;
zhalyuzi/vertikalnye/tkanevye/lajn-ii-svetlo-biryuzovyj/;10.21;1;0;1;;;;;;
zhalyuzi/vertikalnye/tkanevye/lajn-ii-svetlo-zelenyj/;10.21;1;0;1;;;;;;
zhalyuzi/vertikalnye/tkanevye/lajn-ii-svetlo-seryj/;10.21;1;0;1;;;;;;
zhalyuzi/vertikalnye/tkanevye/lajn-ii-sinij1/;10.21;1;0;1;;;;;;
zhalyuzi/vertikalnye/tkanevye/lajn-ii-temno-bezhevyj/;10.21;1;1;1;;;;;;
zhalyuzi/vertikalnye/tkanevye/lajn-ii-temno-krasnyj/;10.21;1;0;1;;;;;;
zhalyuzi/vertikalnye/tkanevye/lajn-ii-zelenyj/;10.21;1;0;1;;;;;;
zhalyuzi/vertikalnye/tkanevye/rejn-limonnyj/;15;1;1;1;;;;;;
zhalyuzi/vertikalnye/tkanevye/zhemchug-bezhevyj/;26;2;0;1;;;;;;
zhalyuzi/vertikalnye/tkanevye/malta-belyj/;15;1;0;1;;;;;;
zhalyuzi/vertikalnye/tkanevye/zhemchug-blekaut-zheltyj/;31;3;0;1;;;;;;
zhalyuzi/vertikalnye/tkanevye/skrin-belyj/;27;2;1;1;;;;;;
zhalyuzi/vertikalnye/tkanevye/disko-persikovyj/;13;1;0;0;;;;;;
zhalyuzi/vertikalnye/tkanevye/shyolk-bordo1/;20;1;0;1;;;;;;
zhalyuzi/vertikalnye/tkanevye/milan-biryuzovyj/;18;1;0;1;;;;;;
zhalyuzi/vertikalnye/tkanevye/rio-zelenyj/;18;1;0;1;;;;;;
zhalyuzi/vertikalnye/tkanevye/disko-belyj/;13;1;0;0;;;;;;
zhalyuzi/vertikalnye/tkanevye/tvist-kremovyj/;22;2;0;0;;;;;;
zhalyuzi/vertikalnye/tkanevye/rio-sinij1/;18;1;0;1;;;;;;
zhalyuzi/vertikalnye/tkanevye/shikatan-chajnaya-ceremoniya-bezhevyj/;43;3;0;1;;;;;;
zhalyuzi/vertikalnye/tkanevye/ofeliya-zelenyj/;20;1;0;1;;;;;;
zhalyuzi/vertikalnye/tkanevye/kyoln-zelenyj/;13;1;0;1;;;;;;
zhalyuzi/vertikalnye/tkanevye/kyoln-fistashkovyj/;13;1;1;1;;;;;;
zhalyuzi/vertikalnye/tkanevye/shikatan-put-samuraya-bezhevyj/;43;3;0;1;;;;;;
zhalyuzi/vertikalnye/tkanevye/kobra-serebro1/;23;2;0;0;;;;;;
zhalyuzi/vertikalnye/tkanevye/kyoln-persikovyj/;13;1;0;1;;;;;;
zhalyuzi/vertikalnye/tkanevye/skrin-korichnevyj/;27;2;0;1;;;;;;
zhalyuzi/vertikalnye/tkanevye/ejlat-belyj/;22;2;0;1;;;;;;
zhalyuzi/vertikalnye/tkanevye/shyolk-zheltyj/;20;1;0;1;;;;;;
zhalyuzi/vertikalnye/tkanevye/osaka-belyj/;43;3;0;0;;;;;;
zhalyuzi/vertikalnye/tkanevye/skrin-bezhevyj/;27;2;1;1;;;;;;
zhalyuzi/vertikalnye/tkanevye/zhakard-persikovyj/;22;2;0;1;;;;;;
zhalyuzi/vertikalnye/tkanevye/side-krasnyj/;15;1;0;1;;;;;;
zhalyuzi/vertikalnye/tkanevye/shyolk-korichnevyj/;20;1;0;1;;;;;;
zhalyuzi/vertikalnye/tkanevye/tvist-svetlo-zheltyj/;22;2;0;0;;;;;;
zhalyuzi/vertikalnye/tkanevye/rio-karamel1/;18;1;0;1;;;;;;
zhalyuzi/vertikalnye/tkanevye/zhemchug-blekaut-bezhevyj/;31;3;0;1;;;;;;
zhalyuzi/vertikalnye/tkanevye/optima-temno-bezhevyj/;22;2;0;0;;;;;;
zhalyuzi/vertikalnye/tkanevye/shikatan-chajnaya-ceremoniya-sinij/;43;3;0;1;;;;;;
zhalyuzi/vertikalnye/tkanevye/side-goluboj1/;15;1;1;1;;;;;;
zhalyuzi/vertikalnye/tkanevye/optima-svetlo-zelenyj/;22;2;0;0;;;;;;
zhalyuzi/vertikalnye/tkanevye/skazka-temno-seryj/;22;2;0;0;;;;;;
zhalyuzi/vertikalnye/tkanevye/skazka-kremovyj/;22;2;0;0;;;;;;
zhalyuzi/vertikalnye/tkanevye/zodiak-lilovyj/;15;1;0;1;;;;;;
zhalyuzi/vertikalnye/tkanevye/bali-rozovyj/;18;1;0;1;;;;;;
zhalyuzi/vertikalnye/tkanevye/bali-svetlo-rozovyj/;18;1;0;1;;;;;;
zhalyuzi/vertikalnye/tkanevye/dzhangl-zelenyj-metallik/;23;2;0;1;;;;;;
zhalyuzi/vertikalnye/tkanevye/skazka-bezhevyj/;22;2;0;0;;;;;;
zhalyuzi/vertikalnye/tkanevye/yukka-persikovyj/;22;2;0;0;;;;;;
zhalyuzi/vertikalnye/tkanevye/venera-2-svetlo-bezhevyj/;18;1;0;1;;;;;;
zhalyuzi/vertikalnye/tkanevye/metallik-modern-serebro1/;26;2;0;0;;;;;;
zhalyuzi/vertikalnye/tkanevye/malta-zheltyj/;15;1;0;1;;;;;;
zhalyuzi/vertikalnye/tkanevye/disko-krasnyj/;13;1;0;0;;;;;;
zhalyuzi/vertikalnye/tkanevye/krit-olivkovoe-derevo1/;43;3;0;0;;;;;;
zhalyuzi/vertikalnye/tkanevye/seul-persikovyj/;15;1;0;1;;;;;;
zhalyuzi/vertikalnye/tkanevye/rejn-rozovyj/;15;1;0;1;;;;;;
zhalyuzi/vertikalnye/tkanevye/malta-biryuzovyj/;15;1;0;1;;;;;;
zhalyuzi/vertikalnye/tkanevye/venera-2-zelenyj/;18;1;0;1;;;;;;
zhalyuzi/vertikalnye/tkanevye/rio-temno-bezhevyj/;18;1;0;1;;;;;;
zhalyuzi/vertikalnye/tkanevye/dzhangl-goluboj-metallik1/;23;2;0;1;;;;;;
zhalyuzi/vertikalnye/tkanevye/milan-belyj/;18;1;0;1;;;;;;
zhalyuzi/vertikalnye/tkanevye/len-temno-bezhevyj/;23;2;0;1;;;;;;
zhalyuzi/vertikalnye/tkanevye/bali-sirenevyj/;18;1;0;1;;;;;;
zhalyuzi/vertikalnye/tkanevye/zamsha-magnoliya1/;31;3;0;1;;;;;;
zhalyuzi/vertikalnye/tkanevye/shyolk-terrakot1/;20;1;0;1;;;;;;
zhalyuzi/vertikalnye/tkanevye/ofeliya-krasnyj/;20;1;0;1;;;;;;
zhalyuzi/vertikalnye/tkanevye/venera-tehno-serebro/;31;3;0;1;;;;;;
zhalyuzi/vertikalnye/tkanevye/rio-svetlo-zelenyj/;18;1;0;1;;;;;;
zhalyuzi/vertikalnye/tkanevye/optima-temno-goluboj1/;23;2;0;1;;;;;;
zhalyuzi/vertikalnye/tkanevye/shikatan-put-samuraya-svetlo-zelenyj/;43;3;0;1;;;;;;
zhalyuzi/vertikalnye/tkanevye/side-zheltyj/;15;1;0;1;;;;;;
zhalyuzi/vertikalnye/tkanevye/shyolk-persikovyj/;20;1;0;1;;;;;;
