rulonnyie-shtoryi/den-noch/6028;3;2
rulonnyie-shtoryi/den-noch/6030;3;2
rulonnyie-shtoryi/den-noch/6033;3;2
rulonnyie-shtoryi/den-noch/6035;3;2
rulonnyie-shtoryi/den-noch/6037;3;2
rulonnyie-shtoryi/den-noch/6038;3;2
rulonnyie-shtoryi/den-noch/6041;3;2
rulonnyie-shtoryi/den-noch/6026;3;2
rulonnyie-shtoryi/den-noch/6027;3;2
rulonnyie-shtoryi/den-noch/6032;3;2
rulonnyie-shtoryi/den-noch/6034;3;2
rulonnyie-shtoryi/den-noch/6031;3;2
rulonnyie-shtoryi/den-noch/6029;3;2
rulonnyie-shtoryi/den-noch/6039;3;2
rulonnyie-shtoryi/den-noch/6036;3;2
rulonnyie-shtoryi/den-noch/6040;3;2
rulonnyie-shtoryi/den-noch/6043;1;1
rulonnyie-shtoryi/den-noch/palermo-11;1;1
rulonnyie-shtoryi/den-noch/6045;1;1
rulonnyie-shtoryi/den-noch/6047;1;1
rulonnyie-shtoryi/den-noch/6046;1;1
rulonnyie-shtoryi/den-noch/6048;1;1
rulonnyie-shtoryi/den-noch/6049;1;1
rulonnyie-shtoryi/den-noch/6051;1;1
rulonnyie-shtoryi/den-noch/6050;1;1
rulonnyie-shtoryi/den-noch/6052;1;1
rulonnyie-shtoryi/den-noch/6053;1;1
rulonnyie-shtoryi/den-noch/6072;1;1
rulonnyie-shtoryi/den-noch/6054;1;1
rulonnyie-shtoryi/den-noch/6055;1;1
rulonnyie-shtoryi/den-noch/6056;1;1
rulonnyie-shtoryi/den-noch/6073;1;1
rulonnyie-shtoryi/den-noch/6057;1;1
rulonnyie-shtoryi/den-noch/6074;1;1
rulonnyie-shtoryi/den-noch/6075;1;1
rulonnyie-shtoryi/den-noch/6058;1;1
rulonnyie-shtoryi/den-noch/parma-3;1;1
rulonnyie-shtoryi/den-noch/6060;1;1
rulonnyie-shtoryi/den-noch/6061;1;1
rulonnyie-shtoryi/den-noch/6062;1;1
rulonnyie-shtoryi/den-noch/6063;1;1
rulonnyie-shtoryi/den-noch/6064;1;1
rulonnyie-shtoryi/den-noch/6065;1;1
rulonnyie-shtoryi/den-noch/6067;1;1
rulonnyie-shtoryi/den-noch/6066;1;1
rulonnyie-shtoryi/den-noch/6071;1;1
rulonnyie-shtoryi/den-noch/6069;1;1
rulonnyie-shtoryi/den-noch/6068;1;1
rulonnyie-shtoryi/den-noch/6070;1;1
rulonnyie-shtoryi/den-noch/6080;1;1
rulonnyie-shtoryi/den-noch/6081;1;1
rulonnyie-shtoryi/den-noch/6079;1;1
rulonnyie-shtoryi/den-noch/6083;1;1
rulonnyie-shtoryi/den-noch/6082;1;1
rulonnyie-shtoryi/den-noch/6100;1;1
rulonnyie-shtoryi/den-noch/6101;1;1
rulonnyie-shtoryi/den-noch/6090;1;1
rulonnyie-shtoryi/den-noch/6091;1;1
rulonnyie-shtoryi/den-noch/6094;1;1
rulonnyie-shtoryi/den-noch/6095;1;1
rulonnyie-shtoryi/den-noch/6089;1;1
rulonnyie-shtoryi/den-noch/6088;1;1
rulonnyie-shtoryi/den-noch/6076;1;1
rulonnyie-shtoryi/den-noch/6077;1;1
rulonnyie-shtoryi/den-noch/6098;1;1
rulonnyie-shtoryi/den-noch/6099;1;1
rulonnyie-shtoryi/den-noch/6093;1;1
rulonnyie-shtoryi/den-noch/6092;1;1
rulonnyie-shtoryi/den-noch/6096;1;1
rulonnyie-shtoryi/den-noch/6097;1;1
rulonnyie-shtoryi/den-noch/6087;1;1
rulonnyie-shtoryi/den-noch/6086;1;1
rulonnyie-shtoryi/den-noch/6084;1;1
rulonnyie-shtoryi/den-noch/6085;1;1
