katalog/rulonnyie-shtoryi/den-noch-uni-2/rulonnyie-shtoryi-den-noch-palermo-11;1;1
katalog/rulonnyie-shtoryi/den-noch-uni-2/rulonnyie-shtoryi-den-noch-versal-76;3;2
katalog/rulonnyie-shtoryi/den-noch-uni-2/rulonnyie-shtoryi-den-noch-versal-77;3;2
katalog/rulonnyie-shtoryi/den-noch-uni-2/den-noch-versal-71;3;2
katalog/rulonnyie-shtoryi/den-noch-uni-2/rulonnyie-shtoryi-den-noch-versal-75;3;2
katalog/rulonnyie-shtoryi/den-noch-uni-2/rulonnyie-shtoryi-den-noch-versal-78;3;2
katalog/rulonnyie-shtoryi/den-noch-uni-2/kopiya-rulonnyie-shtoryi-den-noch-versal-75;1;1
katalog/rulonnyie-shtoryi/den-noch-uni-2/den-noch-versal-73;3;2
katalog/rulonnyie-shtoryi/den-noch-uni-2/kopiya-rulonnyie-shtoryi-den-noch-versal-72;3;2
katalog/rulonnyie-shtoryi/den-noch-uni-2/kopiya-rulonnyie-shtoryi-den-noch-versal-76;1;1
katalog/rulonnyie-shtoryi/den-noch-uni-2/rulonnyie-shtoryi-den-noch-palermo-15;1;1
katalog/rulonnyie-shtoryi/den-noch-uni-2/rulonnyie-shtoryi-den-noch-versal-72;3;2
katalog/rulonnyie-shtoryi/den-noch-uni-2/rulonnyie-shtoryi-den-noch-palermo-13;1;1
katalog/rulonnyie-shtoryi/den-noch-uni-2/rulonnyie-shtoryi-den-noch-parma-1;1;1
katalog/rulonnyie-shtoryi/den-noch-uni-2/kopiya-rulonnyie-shtoryi-den-noch-versal-77;1;1
katalog/rulonnyie-shtoryi/den-noch-uni-2/kopiya-rulonnyie-shtoryi-den-noch-versal-78;1;1
katalog/rulonnyie-shtoryi/den-noch-uni-2/rulonnyie-shtoryi-den-noch-parma-5;1;1
katalog/rulonnyie-shtoryi/den-noch-uni-2/rulonnyie-shtoryi-den-noch-parma-3;1;1
katalog/rulonnyie-shtoryi/den-noch-uni-2/kopiya-rulonnyie-shtoryi-den-noch-palermo-11;1;1
katalog/rulonnyie-shtoryi/den-noch-uni-2/kopiya-rulonnyie-shtoryi-den-noch-palermo-13;1;1
katalog/rulonnyie-shtoryi/den-noch-uni-2/rulonnyie-shtoryi-den-noch-parma-9;1;1
katalog/rulonnyie-shtoryi/den-noch-uni-2/rulonnyie-shtoryi-den-noch-parma-7;1;1
katalog/rulonnyie-shtoryi/den-noch-uni-2/kopiya-rulonnyie-shtoryi-den-noch-palermo-12;1;1
katalog/rulonnyie-shtoryi/den-noch-uni-2/kopiya-rulonnyie-shtoryi-den-noch-palermo-14;1;1
katalog/rulonnyie-shtoryi/den-noch-uni-2/rulonnyie-shtoryi-den-noch-parma-21;1;1
katalog/rulonnyie-shtoryi/den-noch-uni-2/kopiya-rulonnyie-shtoryi-den-noch-palermo-16;1;1
katalog/rulonnyie-shtoryi/den-noch-uni-2/rulonnyie-shtoryi-den-noch-toskana-31;1;1
katalog/rulonnyie-shtoryi/den-noch-uni-2/kopiya-rulonnyie-shtoryi-den-noch-palermo-15;1;1
katalog/rulonnyie-shtoryi/den-noch-uni-2/rulonnyie-shtoryi-den-noch-toskana-40;1;1
katalog/rulonnyie-shtoryi/den-noch-uni-2/rulonnyie-shtoryi-den-noch-toskana-34;1;1
katalog/rulonnyie-shtoryi/den-noch-uni-2/rulonnyie-shtoryi-den-noch-toskana-36;1;1
katalog/rulonnyie-shtoryi/den-noch-uni-2/kopiya-rulonnyie-shtoryi-den-noch-parma-2;1;1
katalog/rulonnyie-shtoryi/den-noch-uni-2/rulonnyie-shtoryi-den-noch-toskana-42;1;1
katalog/rulonnyie-shtoryi/den-noch-uni-2/rulonnyie-shtoryi-den-noch-toskana-43;1;1
katalog/rulonnyie-shtoryi/den-noch-uni-2/rulonnyie-shtoryi-den-noch-toskana-38;1;1
katalog/rulonnyie-shtoryi/den-noch-uni-2/kopiya-rulonnyie-shtoryi-den-noch-parma-21;1;1
katalog/rulonnyie-shtoryi/den-noch-uni-2/kopiya-rulonnyie-shtoryi-den-noch-parma-10;1;1
katalog/rulonnyie-shtoryi/den-noch-uni-2/kopiya-rulonnyie-shtoryi-den-noch-parma-3;1;1
