rulonnyie-shtoryi/kollekcziya-euro-vista-novinka-sezona-2014/yamajka-temno-bezhevyij;3;2
rulonnyie-shtoryi/kollekcziya-euro-vista-novinka-sezona-2014/yamajka-svetlo-bezhevyij;3;2
rulonnyie-shtoryi/kollekcziya-euro-vista-novinka-sezona-2014/yamajka-kofe;3;2
rulonnyie-shtoryi/kollekcziya-euro-vista-novinka-sezona-2014/yamajka-korichnevyij;3;2
rulonnyie-shtoryi/kollekcziya-euro-vista-novinka-sezona-2014/yamajka-zelenyij;3;2
rulonnyie-shtoryi/kollekcziya-euro-vista-novinka-sezona-2014/yamajka-bezhevyij;3;2
rulonnyie-shtoryi/kollekcziya-euro-vista-novinka-sezona-2014/etazh-1;1;1
rulonnyie-shtoryi/kollekcziya-euro-vista-novinka-sezona-2014/shelk-terrakot;1;1
rulonnyie-shtoryi/kollekcziya-euro-vista-novinka-sezona-2014/shelk-temno-bezhevyij;1;1
rulonnyie-shtoryi/kollekcziya-euro-vista-novinka-sezona-2014/shelk-sinij;1;1
rulonnyie-shtoryi/kollekcziya-euro-vista-novinka-sezona-2014/shelk-seryij;1;1
rulonnyie-shtoryi/kollekcziya-euro-vista-novinka-sezona-2014/shelk-svetlo-zelenyij;1;1
rulonnyie-shtoryi/kollekcziya-euro-vista-novinka-sezona-2014/shelk-svetlo-bezhevyij;1;1
rulonnyie-shtoryi/kollekcziya-euro-vista-novinka-sezona-2014/shelk-salatovyij;1;1
rulonnyie-shtoryi/kollekcziya-euro-vista-novinka-sezona-2014/shelk-rozovyij;1;1
rulonnyie-shtoryi/kollekcziya-euro-vista-novinka-sezona-2014/shelk-persikovyij;1;1
rulonnyie-shtoryi/kollekcziya-euro-vista-novinka-sezona-2014/shelk-molochnyij;1;1
rulonnyie-shtoryi/kollekcziya-euro-vista-novinka-sezona-2014/shelk-korichnevyij;1;1
rulonnyie-shtoryi/kollekcziya-euro-vista-novinka-sezona-2014/shelk-korall;1;1
rulonnyie-shtoryi/kollekcziya-euro-vista-novinka-sezona-2014/shelk-zheltyij;1;1
rulonnyie-shtoryi/kollekcziya-euro-vista-novinka-sezona-2014/shelk-belyij;1;1
rulonnyie-shtoryi/kollekcziya-euro-vista-novinka-sezona-2014/shelk-abrikosovyij;1;1
rulonnyie-shtoryi/kollekcziya-euro-vista-novinka-sezona-2014/shantung-belyij;2;1
rulonnyie-shtoryi/kollekcziya-euro-vista-novinka-sezona-2014/shampan-blekaut;5;3
rulonnyie-shtoryi/kollekcziya-euro-vista-novinka-sezona-2014/flora-salatovyij;1;1
rulonnyie-shtoryi/kollekcziya-euro-vista-novinka-sezona-2014/flora-persikovyij;1;1
rulonnyie-shtoryi/kollekcziya-euro-vista-novinka-sezona-2014/flora-kremovyij;1;1
rulonnyie-shtoryi/kollekcziya-euro-vista-novinka-sezona-2014/flora-goluboj;1;1
rulonnyie-shtoryi/kollekcziya-euro-vista-novinka-sezona-2014/flora-belyij;1;1
rulonnyie-shtoryi/kollekcziya-euro-vista-novinka-sezona-2014/faraon-erch;4;2
rulonnyie-shtoryi/kollekcziya-euro-vista-novinka-sezona-2014/faraon-papirus;4;2
rulonnyie-shtoryi/kollekcziya-euro-vista-novinka-sezona-2014/tonus-oranzh;1;1
rulonnyie-shtoryi/kollekcziya-euro-vista-novinka-sezona-2014/tonus-blyu;1;1
rulonnyie-shtoryi/kollekcziya-euro-vista-novinka-sezona-2014/stikan-belyij;1;1
rulonnyie-shtoryi/kollekcziya-euro-vista-novinka-sezona-2014/stikan-bezhevyij;1;1
rulonnyie-shtoryi/kollekcziya-euro-vista-novinka-sezona-2014/spring-tvig-701;3;2
rulonnyie-shtoryi/kollekcziya-euro-vista-novinka-sezona-2014/spring-tvig-601;3;2
rulonnyie-shtoryi/kollekcziya-euro-vista-novinka-sezona-2014/spring-tvig-501;3;2
rulonnyie-shtoryi/kollekcziya-euro-vista-novinka-sezona-2014/spring-tvig-1;3;2
rulonnyie-shtoryi/kollekcziya-euro-vista-novinka-sezona-2014/skrin-8;2;1
rulonnyie-shtoryi/kollekcziya-euro-vista-novinka-sezona-2014/skrin-6;2;1
rulonnyie-shtoryi/kollekcziya-euro-vista-novinka-sezona-2014/skrin-3;2;1
rulonnyie-shtoryi/kollekcziya-euro-vista-novinka-sezona-2014/skrin-2;2;1
rulonnyie-shtoryi/kollekcziya-euro-vista-novinka-sezona-2014/skrin-1;2;1
rulonnyie-shtoryi/kollekcziya-euro-vista-novinka-sezona-2014/silk-skrin-alyu-chernyij;4;2
rulonnyie-shtoryi/kollekcziya-euro-vista-novinka-sezona-2014/silk-skrin-alyu-temno-seryij;4;2
rulonnyie-shtoryi/kollekcziya-euro-vista-novinka-sezona-2014/silk-skrin-alyu-svetlo-seryij;4;2
rulonnyie-shtoryi/kollekcziya-euro-vista-novinka-sezona-2014/silk-skrin-alyu-belyij;4;2
rulonnyie-shtoryi/kollekcziya-euro-vista-novinka-sezona-2014/siesta;1;1
rulonnyie-shtoryi/kollekcziya-euro-vista-novinka-sezona-2014/salmiak-terra;1;1
rulonnyie-shtoryi/kollekcziya-euro-vista-novinka-sezona-2014/salmiak-bejdzh;1;1
rulonnyie-shtoryi/kollekcziya-euro-vista-novinka-sezona-2014/sakura-seryij;1;1
rulonnyie-shtoryi/kollekcziya-euro-vista-novinka-sezona-2014/sakura-bezhevyij;1;1
rulonnyie-shtoryi/kollekcziya-euro-vista-novinka-sezona-2014/savoniya-bejzh;1;1
rulonnyie-shtoryi/kollekcziya-euro-vista-novinka-sezona-2014/ryabina-bezhevyij;1;1
rulonnyie-shtoryi/kollekcziya-euro-vista-novinka-sezona-2014/porto-blekaut-seryij;4;2
rulonnyie-shtoryi/kollekcziya-euro-vista-novinka-sezona-2014/porto-blekaut-svetlo-bezhevyij;4;2
rulonnyie-shtoryi/kollekcziya-euro-vista-novinka-sezona-2014/plato-sammer;1;1
rulonnyie-shtoryi/kollekcziya-euro-vista-novinka-sezona-2014/plato-vinter;1;1
rulonnyie-shtoryi/kollekcziya-euro-vista-novinka-sezona-2014/pazl-kakao;2;1
rulonnyie-shtoryi/kollekcziya-euro-vista-novinka-sezona-2014/pazl-vajt;2;1
rulonnyie-shtoryi/kollekcziya-euro-vista-novinka-sezona-2014/ornament-grin;1;1
rulonnyie-shtoryi/kollekcziya-euro-vista-novinka-sezona-2014/ornament-bejzh;1;1
rulonnyie-shtoryi/kollekcziya-euro-vista-novinka-sezona-2014/oregon-3;3;2
rulonnyie-shtoryi/kollekcziya-euro-vista-novinka-sezona-2014/oregon-1;3;2
rulonnyie-shtoryi/kollekcziya-euro-vista-novinka-sezona-2014/opus-grej;1;1
rulonnyie-shtoryi/kollekcziya-euro-vista-novinka-sezona-2014/opus-vajt;1;1
rulonnyie-shtoryi/kollekcziya-euro-vista-novinka-sezona-2014/nelke-4;1;1
rulonnyie-shtoryi/kollekcziya-euro-vista-novinka-sezona-2014/myunxen-perl-2;2;1
rulonnyie-shtoryi/kollekcziya-euro-vista-novinka-sezona-2014/myunxen-perl-12;2;1
rulonnyie-shtoryi/kollekcziya-euro-vista-novinka-sezona-2014/myunxen-perl-10;2;1
rulonnyie-shtoryi/kollekcziya-euro-vista-novinka-sezona-2014/myunxen-gross-blekaut-62;2;1
rulonnyie-shtoryi/kollekcziya-euro-vista-novinka-sezona-2014/myunxen-gross-blekaut-61;2;1
rulonnyie-shtoryi/kollekcziya-euro-vista-novinka-sezona-2014/myunxen-gross-blekaut-60;2;1
rulonnyie-shtoryi/kollekcziya-euro-vista-novinka-sezona-2014/myunxen-gross-blekaut-55;2;1
rulonnyie-shtoryi/kollekcziya-euro-vista-novinka-sezona-2014/myunxen-gross-blekaut-54;2;1
rulonnyie-shtoryi/kollekcziya-euro-vista-novinka-sezona-2014/myunxen-gross-4;1;1
rulonnyie-shtoryi/kollekcziya-euro-vista-novinka-sezona-2014/myunxen-gross-2;1;1
rulonnyie-shtoryi/kollekcziya-euro-vista-novinka-sezona-2014/myunxen-gross-1;1;1
rulonnyie-shtoryi/kollekcziya-euro-vista-novinka-sezona-2014/myunxen-blekaut-78;2;1
rulonnyie-shtoryi/kollekcziya-euro-vista-novinka-sezona-2014/myunxen-blekaut-68;2;1
rulonnyie-shtoryi/kollekcziya-euro-vista-novinka-sezona-2014/myunxen-blekaut-65;2;1
rulonnyie-shtoryi/kollekcziya-euro-vista-novinka-sezona-2014/myunxen-blekaut-63;2;1
rulonnyie-shtoryi/kollekcziya-euro-vista-novinka-sezona-2014/myunxen-blekaut-62;2;1
rulonnyie-shtoryi/kollekcziya-euro-vista-novinka-sezona-2014/myunxen-blekaut-61;2;1
rulonnyie-shtoryi/kollekcziya-euro-vista-novinka-sezona-2014/myunxen-blekaut-60;2;1
rulonnyie-shtoryi/kollekcziya-euro-vista-novinka-sezona-2014/myunxen-blekaut-59;2;1
rulonnyie-shtoryi/kollekcziya-euro-vista-novinka-sezona-2014/myunxen-blekaut-58;2;1
rulonnyie-shtoryi/kollekcziya-euro-vista-novinka-sezona-2014/myunxen-blekaut-57;2;1
rulonnyie-shtoryi/kollekcziya-euro-vista-novinka-sezona-2014/myunxen-blekaut-56;2;1
rulonnyie-shtoryi/kollekcziya-euro-vista-novinka-sezona-2014/myunxen-blekaut-54;2;1
rulonnyie-shtoryi/kollekcziya-euro-vista-novinka-sezona-2014/myunxen-blekaut-52;2;1
rulonnyie-shtoryi/kollekcziya-euro-vista-novinka-sezona-2014/myunxen-8;1;1
rulonnyie-shtoryi/kollekcziya-euro-vista-novinka-sezona-2014/myunxen-7;1;1
rulonnyie-shtoryi/kollekcziya-euro-vista-novinka-sezona-2014/myunxen-6;1;1
rulonnyie-shtoryi/kollekcziya-euro-vista-novinka-sezona-2014/myunxen-5;1;1
rulonnyie-shtoryi/kollekcziya-euro-vista-novinka-sezona-2014/myunxen-4;1;1
rulonnyie-shtoryi/kollekcziya-euro-vista-novinka-sezona-2014/myunxen-31;1;1
rulonnyie-shtoryi/kollekcziya-euro-vista-novinka-sezona-2014/myunxen-3;1;1
rulonnyie-shtoryi/kollekcziya-euro-vista-novinka-sezona-2014/myunxen-28;1;1
rulonnyie-shtoryi/kollekcziya-euro-vista-novinka-sezona-2014/myunxen-27;1;1
rulonnyie-shtoryi/kollekcziya-euro-vista-novinka-sezona-2014/myunxen-26;1;1
rulonnyie-shtoryi/kollekcziya-euro-vista-novinka-sezona-2014/myunxen-25;1;1
rulonnyie-shtoryi/kollekcziya-euro-vista-novinka-sezona-2014/myunxen-24;1;1
rulonnyie-shtoryi/kollekcziya-euro-vista-novinka-sezona-2014/myunxen-23;1;1
rulonnyie-shtoryi/kollekcziya-euro-vista-novinka-sezona-2014/myunxen-22;1;1
rulonnyie-shtoryi/kollekcziya-euro-vista-novinka-sezona-2014/myunxen-20;1;1
rulonnyie-shtoryi/kollekcziya-euro-vista-novinka-sezona-2014/myunxen-2;1;1
rulonnyie-shtoryi/kollekcziya-euro-vista-novinka-sezona-2014/myunxen-19;1;1
rulonnyie-shtoryi/kollekcziya-euro-vista-novinka-sezona-2014/myunxen-18;1;1
rulonnyie-shtoryi/kollekcziya-euro-vista-novinka-sezona-2014/myunxen-15;1;1
rulonnyie-shtoryi/kollekcziya-euro-vista-novinka-sezona-2014/myunxen-14;1;1
rulonnyie-shtoryi/kollekcziya-euro-vista-novinka-sezona-2014/myunxen-13;1;1
rulonnyie-shtoryi/kollekcziya-euro-vista-novinka-sezona-2014/myunxen-12;1;1
rulonnyie-shtoryi/kollekcziya-euro-vista-novinka-sezona-2014/myunxen-11;1;1
rulonnyie-shtoryi/kollekcziya-euro-vista-novinka-sezona-2014/myunxen-1;1;1
rulonnyie-shtoryi/kollekcziya-euro-vista-novinka-sezona-2014/metallik-fistashkovyij;2;1
rulonnyie-shtoryi/kollekcziya-euro-vista-novinka-sezona-2014/metallik-temno-korichnevyij;2;1
rulonnyie-shtoryi/kollekcziya-euro-vista-novinka-sezona-2014/metallik-temno-bezhevyij;2;1
rulonnyie-shtoryi/kollekcziya-euro-vista-novinka-sezona-2014/metallik-serebro;2;1
rulonnyie-shtoryi/kollekcziya-euro-vista-novinka-sezona-2014/metallik-svetlo-korichnevyij;2;1
rulonnyie-shtoryi/kollekcziya-euro-vista-novinka-sezona-2014/metallik-svetlo-bezhevyij;2;1
rulonnyie-shtoryi/kollekcziya-euro-vista-novinka-sezona-2014/metallik-persikovyij;2;1
rulonnyie-shtoryi/kollekcziya-euro-vista-novinka-sezona-2014/metallik-perl;2;1
rulonnyie-shtoryi/kollekcziya-euro-vista-novinka-sezona-2014/metallik-zheltyij;2;1
rulonnyie-shtoryi/kollekcziya-euro-vista-novinka-sezona-2014/metallik-grafit;2;1
rulonnyie-shtoryi/kollekcziya-euro-vista-novinka-sezona-2014/metallik-ametist;2;1
rulonnyie-shtoryi/kollekcziya-euro-vista-novinka-sezona-2014/megapolis-8;3;2
rulonnyie-shtoryi/kollekcziya-euro-vista-novinka-sezona-2014/megapolis-6;3;2
rulonnyie-shtoryi/kollekcziya-euro-vista-novinka-sezona-2014/megapolis-4;3;2
rulonnyie-shtoryi/kollekcziya-euro-vista-novinka-sezona-2014/marakesh-ellou;4;2
rulonnyie-shtoryi/kollekcziya-euro-vista-novinka-sezona-2014/marakesh-dark-bejzh;4;2
rulonnyie-shtoryi/kollekcziya-euro-vista-novinka-sezona-2014/marakesh-grej;4;2
rulonnyie-shtoryi/kollekcziya-euro-vista-novinka-sezona-2014/marakesh-vajt;4;2
rulonnyie-shtoryi/kollekcziya-euro-vista-novinka-sezona-2014/marakesh-blekaut-ellou;4;2
rulonnyie-shtoryi/kollekcziya-euro-vista-novinka-sezona-2014/marakesh-blekaut-dark;4;2
rulonnyie-shtoryi/kollekcziya-euro-vista-novinka-sezona-2014/marakesh-blekaut-grej;4;2
rulonnyie-shtoryi/kollekcziya-euro-vista-novinka-sezona-2014/marakesh-blekaut-vajt;4;2
rulonnyie-shtoryi/kollekcziya-euro-vista-novinka-sezona-2014/marakesh-blekaut-braun;4;2
rulonnyie-shtoryi/kollekcziya-euro-vista-novinka-sezona-2014/marakesh-blekaut-bejzh;4;2
rulonnyie-shtoryi/kollekcziya-euro-vista-novinka-sezona-2014/marakesh-bejzh;4;2
rulonnyie-shtoryi/kollekcziya-euro-vista-novinka-sezona-2014/myunxen-gross-blekaut-53;2;1
rulonnyie-shtoryi/kollekcziya-euro-vista-novinka-sezona-2014/lusto-fioletovyij;3;2
rulonnyie-shtoryi/kollekcziya-euro-vista-novinka-sezona-2014/lusto-temno-seryij;3;2
rulonnyie-shtoryi/kollekcziya-euro-vista-novinka-sezona-2014/lusto-temno-rozovyij;3;2
rulonnyie-shtoryi/kollekcziya-euro-vista-novinka-sezona-2014/lusto-temno-zelenyij;3;2
rulonnyie-shtoryi/kollekcziya-euro-vista-novinka-sezona-2014/lusto-seryij;3;2
rulonnyie-shtoryi/kollekcziya-euro-vista-novinka-sezona-2014/lusto-svetlo-seryij;3;2
rulonnyie-shtoryi/kollekcziya-euro-vista-novinka-sezona-2014/lusto-svetlo-zelenyij;3;2
rulonnyie-shtoryi/kollekcziya-euro-vista-novinka-sezona-2014/lusto-salatovyij;3;2
rulonnyie-shtoryi/kollekcziya-euro-vista-novinka-sezona-2014/lusto-persik;3;2
rulonnyie-shtoryi/kollekcziya-euro-vista-novinka-sezona-2014/lusto-korichnevyij;3;2
rulonnyie-shtoryi/kollekcziya-euro-vista-novinka-sezona-2014/lusto-zheltyij;3;2
rulonnyie-shtoryi/kollekcziya-euro-vista-novinka-sezona-2014/lamera-chernyij;3;2
rulonnyie-shtoryi/kollekcziya-euro-vista-novinka-sezona-2014/lamera-krem;3;2
rulonnyie-shtoryi/kollekcziya-euro-vista-novinka-sezona-2014/lamera-belyij;3;2
rulonnyie-shtoryi/kollekcziya-euro-vista-novinka-sezona-2014/kryimskaya-roza-rozovyij;1;1
rulonnyie-shtoryi/kollekcziya-euro-vista-novinka-sezona-2014/kryimskaya-roza-zheltyij;1;1
rulonnyie-shtoryi/kollekcziya-euro-vista-novinka-sezona-2014/kofe;3;2
rulonnyie-shtoryi/kollekcziya-euro-vista-novinka-sezona-2014/klaudia-indigo;1;1
rulonnyie-shtoryi/kollekcziya-euro-vista-novinka-sezona-2014/klaudia-grin;1;1
rulonnyie-shtoryi/kollekcziya-euro-vista-novinka-sezona-2014/klaudia-vajt;1;1
rulonnyie-shtoryi/kollekcziya-euro-vista-novinka-sezona-2014/klaudia-blekaut-indigo;1;1
rulonnyie-shtoryi/kollekcziya-euro-vista-novinka-sezona-2014/klaudia-blekaut-grin;1;1
rulonnyie-shtoryi/kollekcziya-euro-vista-novinka-sezona-2014/klaudia-blekaut-vajt;1;1
rulonnyie-shtoryi/kollekcziya-euro-vista-novinka-sezona-2014/klaudia-blekaut-blu;1;1
rulonnyie-shtoryi/kollekcziya-euro-vista-novinka-sezona-2014/klaudia-blekaut-bejzh;1;1
rulonnyie-shtoryi/kollekcziya-euro-vista-novinka-sezona-2014/klaudia-bejzh;1;1
rulonnyie-shtoryi/kollekcziya-euro-vista-novinka-sezona-2014/karina-2;1;1
rulonnyie-shtoryi/kollekcziya-euro-vista-novinka-sezona-2014/myunxen-10;1;1
rulonnyie-shtoryi/kollekcziya-euro-vista-novinka-sezona-2014/kamila-4;1;1
rulonnyie-shtoryi/kollekcziya-euro-vista-novinka-sezona-2014/kalipso-persikovyij;3;2
rulonnyie-shtoryi/kollekcziya-euro-vista-novinka-sezona-2014/kalipso-kofe;3;2
rulonnyie-shtoryi/kollekcziya-euro-vista-novinka-sezona-2014/kalipso-bezhevyij;3;2
rulonnyie-shtoryi/kollekcziya-euro-vista-novinka-sezona-2014/indra-salatovyij;5;3
rulonnyie-shtoryi/kollekcziya-euro-vista-novinka-sezona-2014/indra-ellou;5;3
rulonnyie-shtoryi/kollekcziya-euro-vista-novinka-sezona-2014/indra-grej;5;3
rulonnyie-shtoryi/kollekcziya-euro-vista-novinka-sezona-2014/indra-vajt;5;3
rulonnyie-shtoryi/kollekcziya-euro-vista-novinka-sezona-2014/indra-blek;5;3
rulonnyie-shtoryi/kollekcziya-euro-vista-novinka-sezona-2014/indra-biryuza;5;3
rulonnyie-shtoryi/kollekcziya-euro-vista-novinka-sezona-2014/ivi-fa;4;2
rulonnyie-shtoryi/kollekcziya-euro-vista-novinka-sezona-2014/ivi-si;4;2
rulonnyie-shtoryi/kollekcziya-euro-vista-novinka-sezona-2014/ivi-re;4;2
rulonnyie-shtoryi/kollekcziya-euro-vista-novinka-sezona-2014/ivi-mi;4;2
rulonnyie-shtoryi/kollekcziya-euro-vista-novinka-sezona-2014/ivi-do;4;2
rulonnyie-shtoryi/kollekcziya-euro-vista-novinka-sezona-2014/zig-zag-bejzh;1;1
rulonnyie-shtoryi/kollekcziya-euro-vista-novinka-sezona-2014/driada-persikovyij;1;1
rulonnyie-shtoryi/kollekcziya-euro-vista-novinka-sezona-2014/driada-belyij;1;1
rulonnyie-shtoryi/kollekcziya-euro-vista-novinka-sezona-2014/daliya-seryij;5;3
rulonnyie-shtoryi/kollekcziya-euro-vista-novinka-sezona-2014/daliya-krasnyij;5;3
rulonnyie-shtoryi/kollekcziya-euro-vista-novinka-sezona-2014/daliya-goluboj;5;3
rulonnyie-shtoryi/kollekcziya-euro-vista-novinka-sezona-2014/daliya-bezhevyij;5;3
rulonnyie-shtoryi/kollekcziya-euro-vista-novinka-sezona-2014/viskan-701;1;1
rulonnyie-shtoryi/kollekcziya-euro-vista-novinka-sezona-2014/viskan-601;1;1
rulonnyie-shtoryi/kollekcziya-euro-vista-novinka-sezona-2014/viskan-581;1;1
rulonnyie-shtoryi/kollekcziya-euro-vista-novinka-sezona-2014/viskan-201;1;1
rulonnyie-shtoryi/kollekcziya-euro-vista-novinka-sezona-2014/viskan-1;1;1
rulonnyie-shtoryi/kollekcziya-euro-vista-novinka-sezona-2014/versal-shokolad;3;2
rulonnyie-shtoryi/kollekcziya-euro-vista-novinka-sezona-2014/versal-blekaut-perl;3;2
rulonnyie-shtoryi/kollekcziya-euro-vista-novinka-sezona-2014/valensiya-temno-bezhevyij;4;2
rulonnyie-shtoryi/kollekcziya-euro-vista-novinka-sezona-2014/valensiya-korichnevyij;4;2
rulonnyie-shtoryi/kollekcziya-euro-vista-novinka-sezona-2014/valensiya-zelenyij;4;2
rulonnyie-shtoryi/kollekcziya-euro-vista-novinka-sezona-2014/valensiya-belyij;4;2
rulonnyie-shtoryi/kollekcziya-euro-vista-novinka-sezona-2014/valensiya-bezhevyij;4;2
rulonnyie-shtoryi/kollekcziya-euro-vista-novinka-sezona-2014/bolgarskaya-roza-rozovyij;1;1
rulonnyie-shtoryi/kollekcziya-euro-vista-novinka-sezona-2014/bolgarskaya-roza-oranzhevyij;1;1
rulonnyie-shtoryi/kollekcziya-euro-vista-novinka-sezona-2014/betti-701;1;1
rulonnyie-shtoryi/kollekcziya-euro-vista-novinka-sezona-2014/betti-601;1;1
rulonnyie-shtoryi/kollekcziya-euro-vista-novinka-sezona-2014/betti-201;1;1
rulonnyie-shtoryi/kollekcziya-euro-vista-novinka-sezona-2014/betti-101;1;1
rulonnyie-shtoryi/kollekcziya-euro-vista-novinka-sezona-2014/baltik-seryij;1;1
rulonnyie-shtoryi/kollekcziya-euro-vista-novinka-sezona-2014/baltik-rozovyij;1;1
rulonnyie-shtoryi/kollekcziya-euro-vista-novinka-sezona-2014/baltik-korichnevyij;1;1
rulonnyie-shtoryi/kollekcziya-euro-vista-novinka-sezona-2014/baltik-goluboj;1;1
rulonnyie-shtoryi/kollekcziya-euro-vista-novinka-sezona-2014/baltik-belyij;1;1
rulonnyie-shtoryi/kollekcziya-euro-vista-novinka-sezona-2014/baltik-bezhevyij;1;1
rulonnyie-shtoryi/kollekcziya-euro-vista-novinka-sezona-2014/aruba-temno-korichnevyij;3;2
rulonnyie-shtoryi/kollekcziya-euro-vista-novinka-sezona-2014/aruba-temno-bezhevyij;3;2
rulonnyie-shtoryi/kollekcziya-euro-vista-novinka-sezona-2014/aruba-korichnevyij;3;2
rulonnyie-shtoryi/kollekcziya-euro-vista-novinka-sezona-2014/aruba-bezhevyij;3;2
rulonnyie-shtoryi/kollekcziya-euro-vista-novinka-sezona-2014/argentum-fioletovyij;5;3
rulonnyie-shtoryi/kollekcziya-euro-vista-novinka-sezona-2014/argentum-temno-seryij;5;3
rulonnyie-shtoryi/kollekcziya-euro-vista-novinka-sezona-2014/argentum-temno-bezhevyij;5;3
rulonnyie-shtoryi/kollekcziya-euro-vista-novinka-sezona-2014/argentum-sinij;5;3
rulonnyie-shtoryi/kollekcziya-euro-vista-novinka-sezona-2014/argentum-seryij;5;3
rulonnyie-shtoryi/kollekcziya-euro-vista-novinka-sezona-2014/argentum-svetlo-seryij;5;3
rulonnyie-shtoryi/kollekcziya-euro-vista-novinka-sezona-2014/argentum-svetlo-bezhevyij;5;3
rulonnyie-shtoryi/kollekcziya-euro-vista-novinka-sezona-2014/argentum-salatovyij;5;3
rulonnyie-shtoryi/kollekcziya-euro-vista-novinka-sezona-2014/argentum-kremovyij;5;3
rulonnyie-shtoryi/kollekcziya-euro-vista-novinka-sezona-2014/argentum-kirpichnyij;5;3
rulonnyie-shtoryi/kollekcziya-euro-vista-novinka-sezona-2014/argentum-zheltyij;5;3
rulonnyie-shtoryi/kollekcziya-euro-vista-novinka-sezona-2014/argentum-bordovyij;5;3
rulonnyie-shtoryi/kollekcziya-euro-vista-novinka-sezona-2014/argentum-belyij;5;3
rulonnyie-shtoryi/kollekcziya-euro-vista-novinka-sezona-2014/azhur-seryij;3;2
rulonnyie-shtoryi/kollekcziya-euro-vista-novinka-sezona-2014/azhur-korichnevyij;3;2