rulonnyie-shtoryi/uni/of-rulonnaya-kassetnaya-sistema-uni2/aguatiks5;1;1
rulonnyie-shtoryi/uni/of-rulonnaya-kassetnaya-sistema-uni2/azhur-belyj3;3;2
rulonnyie-shtoryi/uni/of-rulonnaya-kassetnaya-sistema-uni2/azhur-korichnevyj3;3;2
rulonnyie-shtoryi/uni/of-rulonnaya-kassetnaya-sistema-uni2/azhur-seryj3;3;2
rulonnyie-shtoryi/uni/of-rulonnaya-kassetnaya-sistema-uni2/argentum-belyij;5;3
rulonnyie-shtoryi/uni/of-rulonnaya-kassetnaya-sistema-uni2/argentum-bordovyij;5;3
rulonnyie-shtoryi/uni/of-rulonnaya-kassetnaya-sistema-uni2/argentum-zheltyij;5;3
rulonnyie-shtoryi/uni/of-rulonnaya-kassetnaya-sistema-uni2/argentum-kirpichnyij;5;3
rulonnyie-shtoryi/uni/of-rulonnaya-kassetnaya-sistema-uni2/argentum-kremovyij;5;3
rulonnyie-shtoryi/uni/of-rulonnaya-kassetnaya-sistema-uni2/argentum-salatovyij;5;3
rulonnyie-shtoryi/uni/of-rulonnaya-kassetnaya-sistema-uni2/argentum-svetlo-bezhevyij;5;3
rulonnyie-shtoryi/uni/of-rulonnaya-kassetnaya-sistema-uni2/argentum-svetlo-seryij;5;3
rulonnyie-shtoryi/uni/of-rulonnaya-kassetnaya-sistema-uni2/argentum-seryij;5;3
rulonnyie-shtoryi/uni/of-rulonnaya-kassetnaya-sistema-uni2/argentum-sinij;5;3
rulonnyie-shtoryi/uni/of-rulonnaya-kassetnaya-sistema-uni2/argentum-temno-bezhevyij;5;3
rulonnyie-shtoryi/uni/of-rulonnaya-kassetnaya-sistema-uni2/argentum-temno-seryij;5;3
rulonnyie-shtoryi/uni/of-rulonnaya-kassetnaya-sistema-uni2/argentum-fioletovyij;5;3
rulonnyie-shtoryi/uni/of-rulonnaya-kassetnaya-sistema-uni2/aruba-bezhevyij;3;2
rulonnyie-shtoryi/uni/of-rulonnaya-kassetnaya-sistema-uni2/aruba-korichnevyij;3;2
rulonnyie-shtoryi/uni/of-rulonnaya-kassetnaya-sistema-uni2/aruba-temno-bezhevyij;3;2
rulonnyie-shtoryi/uni/of-rulonnaya-kassetnaya-sistema-uni2/aruba-temno-korichnevyij;3;2
rulonnyie-shtoryi/uni/of-rulonnaya-kassetnaya-sistema-uni2/baltik-bezhevyij;1;1
rulonnyie-shtoryi/uni/of-rulonnaya-kassetnaya-sistema-uni2/baltik-belyij;1;1
rulonnyie-shtoryi/uni/of-rulonnaya-kassetnaya-sistema-uni2/baltik-goluboj;1;1
rulonnyie-shtoryi/uni/of-rulonnaya-kassetnaya-sistema-uni2/baltik-korichnevyij;1;1
rulonnyie-shtoryi/uni/of-rulonnaya-kassetnaya-sistema-uni2/baltik-rozovyij;1;1
rulonnyie-shtoryi/uni/of-rulonnaya-kassetnaya-sistema-uni2/baltik-seryij;1;1
rulonnyie-shtoryi/uni/of-rulonnaya-kassetnaya-sistema-uni2/betti-101;1;1
rulonnyie-shtoryi/uni/of-rulonnaya-kassetnaya-sistema-uni2/betti-201;1;1
rulonnyie-shtoryi/uni/of-rulonnaya-kassetnaya-sistema-uni2/betti-601;1;1
rulonnyie-shtoryi/uni/of-rulonnaya-kassetnaya-sistema-uni2/betti-701;1;1
rulonnyie-shtoryi/uni/of-rulonnaya-kassetnaya-sistema-uni2/bolgarskaya-roza-oranzhevyij;1;1
rulonnyie-shtoryi/uni/of-rulonnaya-kassetnaya-sistema-uni2/bolgarskaya-roza-rozovyij;1;1
rulonnyie-shtoryi/uni/of-rulonnaya-kassetnaya-sistema-uni2/valensiya-bezhevyij;4;2
rulonnyie-shtoryi/uni/of-rulonnaya-kassetnaya-sistema-uni2/valensiya-belyij;4;2
rulonnyie-shtoryi/uni/of-rulonnaya-kassetnaya-sistema-uni2/valensiya-zelenyij;4;2
rulonnyie-shtoryi/uni/of-rulonnaya-kassetnaya-sistema-uni2/valensiya-korichnevyij;4;2
rulonnyie-shtoryi/uni/of-rulonnaya-kassetnaya-sistema-uni2/valensiya-temno-bezhevyij;4;2
rulonnyie-shtoryi/uni/of-rulonnaya-kassetnaya-sistema-uni2/versal-blekaut-perl;4;2
rulonnyie-shtoryi/uni/of-rulonnaya-kassetnaya-sistema-uni2/viskan-1;1;1
rulonnyie-shtoryi/uni/of-rulonnaya-kassetnaya-sistema-uni2/viskan-201;1;1
rulonnyie-shtoryi/uni/of-rulonnaya-kassetnaya-sistema-uni2/viskan-401;1;1
rulonnyie-shtoryi/uni/of-rulonnaya-kassetnaya-sistema-uni2/viskan-581;1;1
rulonnyie-shtoryi/uni/of-rulonnaya-kassetnaya-sistema-uni2/viskan-601;1;1
rulonnyie-shtoryi/uni/of-rulonnaya-kassetnaya-sistema-uni2/viskan-701;1;1
rulonnyie-shtoryi/uni/of-rulonnaya-kassetnaya-sistema-uni2/garden;4;2
rulonnyie-shtoryi/uni/of-rulonnaya-kassetnaya-sistema-uni2/gerbera;1;1
rulonnyie-shtoryi/uni/of-rulonnaya-kassetnaya-sistema-uni2/daliya-bezhevyij;5;3
rulonnyie-shtoryi/uni/of-rulonnaya-kassetnaya-sistema-uni2/daliya-goluboj;5;3
rulonnyie-shtoryi/uni/of-rulonnaya-kassetnaya-sistema-uni2/daliya-krasnyij;5;3
rulonnyie-shtoryi/uni/of-rulonnaya-kassetnaya-sistema-uni2/daliya-seryij;5;3
rulonnyie-shtoryi/uni/of-rulonnaya-kassetnaya-sistema-uni2/driada-belyij;1;1
rulonnyie-shtoryi/uni/of-rulonnaya-kassetnaya-sistema-uni2/driada-persikovyij;1;1
rulonnyie-shtoryi/uni/of-rulonnaya-kassetnaya-sistema-uni2/zig-zag-krem;1;1
rulonnyie-shtoryi/uni/of-rulonnaya-kassetnaya-sistema-uni2/ivi-do;4;2
rulonnyie-shtoryi/uni/of-rulonnaya-kassetnaya-sistema-uni2/ivi-mi;4;2
rulonnyie-shtoryi/uni/of-rulonnaya-kassetnaya-sistema-uni2/ivi-mi-blekaut;4;2
rulonnyie-shtoryi/uni/of-rulonnaya-kassetnaya-sistema-uni2/ivi-re;4;2
rulonnyie-shtoryi/uni/of-rulonnaya-kassetnaya-sistema-uni2/ivi-si;4;2
rulonnyie-shtoryi/uni/of-rulonnaya-kassetnaya-sistema-uni2/indra-biryuza;5;3
rulonnyie-shtoryi/uni/of-rulonnaya-kassetnaya-sistema-uni2/indra-blek;5;3
rulonnyie-shtoryi/uni/of-rulonnaya-kassetnaya-sistema-uni2/indra-vajt;5;3
rulonnyie-shtoryi/uni/of-rulonnaya-kassetnaya-sistema-uni2/indra-grej;5;3
rulonnyie-shtoryi/uni/of-rulonnaya-kassetnaya-sistema-uni2/indra-ellou;5;3
rulonnyie-shtoryi/uni/of-rulonnaya-kassetnaya-sistema-uni2/indra-salatovyij;5;3
rulonnyie-shtoryi/uni/of-rulonnaya-kassetnaya-sistema-uni2/kalipso-bezhevyij;3;2
rulonnyie-shtoryi/uni/of-rulonnaya-kassetnaya-sistema-uni2/kalipso-belyij;3;2
rulonnyie-shtoryi/uni/of-rulonnaya-kassetnaya-sistema-uni2/kalipso-kofe;3;2
rulonnyie-shtoryi/uni/of-rulonnaya-kassetnaya-sistema-uni2/kalipso-persikovyij;3;2
rulonnyie-shtoryi/uni/of-rulonnaya-kassetnaya-sistema-uni2/kalipso-temno-bezhevyij;3;2
rulonnyie-shtoryi/uni/of-rulonnaya-kassetnaya-sistema-uni2/kamila-4;1;1
rulonnyie-shtoryi/uni/of-rulonnaya-kassetnaya-sistema-uni2/kamila-5;1;1
rulonnyie-shtoryi/uni/of-rulonnaya-kassetnaya-sistema-uni2/karina-1;1;1
rulonnyie-shtoryi/uni/of-rulonnaya-kassetnaya-sistema-uni2/karina-2;1;1
rulonnyie-shtoryi/uni/of-rulonnaya-kassetnaya-sistema-uni2/klaudia-bejzh;1;1
rulonnyie-shtoryi/uni/of-rulonnaya-kassetnaya-sistema-uni2/klaudia-blu;1;1
rulonnyie-shtoryi/uni/of-rulonnaya-kassetnaya-sistema-uni2/klaudia-blekaut-bejzh;1;1
rulonnyie-shtoryi/uni/of-rulonnaya-kassetnaya-sistema-uni2/klaudia-blekaut-blu;1;1
rulonnyie-shtoryi/uni/of-rulonnaya-kassetnaya-sistema-uni2/klaudia-blekaut-grin;1;1
rulonnyie-shtoryi/uni/of-rulonnaya-kassetnaya-sistema-uni2/klaudia-blekaut-indigo;1;1
rulonnyie-shtoryi/uni/of-rulonnaya-kassetnaya-sistema-uni2/klaudia-vajt;1;1
rulonnyie-shtoryi/uni/of-rulonnaya-kassetnaya-sistema-uni2/klaudia-grin;1;1
rulonnyie-shtoryi/uni/of-rulonnaya-kassetnaya-sistema-uni2/kofe;3;2
rulonnyie-shtoryi/uni/of-rulonnaya-kassetnaya-sistema-uni2/kryimskaya-roza-zheltyij;1;1
rulonnyie-shtoryi/uni/of-rulonnaya-kassetnaya-sistema-uni2/kryimskaya-roza-rozovyij;1;1
rulonnyie-shtoryi/uni/of-rulonnaya-kassetnaya-sistema-uni2/lamera-belyij;3;2
rulonnyie-shtoryi/uni/of-rulonnaya-kassetnaya-sistema-uni2/lamera-krem;3;2
rulonnyie-shtoryi/uni/of-rulonnaya-kassetnaya-sistema-uni2/lamera-chernyij;3;2
rulonnyie-shtoryi/uni/of-rulonnaya-kassetnaya-sistema-uni2/lusto-bordovyij;3;2
rulonnyie-shtoryi/uni/of-rulonnaya-kassetnaya-sistema-uni2/lusto-zheltyij;3;2
rulonnyie-shtoryi/uni/of-rulonnaya-kassetnaya-sistema-uni2/lusto-korichnevyij;3;2
rulonnyie-shtoryi/uni/of-rulonnaya-kassetnaya-sistema-uni2/lusto-kremovyij;3;2
rulonnyie-shtoryi/uni/of-rulonnaya-kassetnaya-sistema-uni2/lusto-persik;3;2
rulonnyie-shtoryi/uni/of-rulonnaya-kassetnaya-sistema-uni2/lusto-salatovyij;3;2
rulonnyie-shtoryi/uni/of-rulonnaya-kassetnaya-sistema-uni2/lusto-svetlo-zelenyij;3;2
rulonnyie-shtoryi/uni/of-rulonnaya-kassetnaya-sistema-uni2/lusto-svetlo-rozovyij;3;2
rulonnyie-shtoryi/uni/of-rulonnaya-kassetnaya-sistema-uni2/lusto-svetlo-seryij;3;2
rulonnyie-shtoryi/uni/of-rulonnaya-kassetnaya-sistema-uni2/lusto-fioletovyij;3;2
rulonnyie-shtoryi/uni/of-rulonnaya-kassetnaya-sistema-uni2/marakesh-bejzh;4;2
rulonnyie-shtoryi/uni/of-rulonnaya-kassetnaya-sistema-uni2/marakesh-blekaut-bejzh;4;2
rulonnyie-shtoryi/uni/of-rulonnaya-kassetnaya-sistema-uni2/marakesh-blekaut-vajt;4;2
rulonnyie-shtoryi/uni/of-rulonnaya-kassetnaya-sistema-uni2/marakesh-blekaut-dark-bejzh;4;2
rulonnyie-shtoryi/uni/of-rulonnaya-kassetnaya-sistema-uni2/marakesh-blekaut-ellou;4;2
rulonnyie-shtoryi/uni/of-rulonnaya-kassetnaya-sistema-uni2/marakesh-braun;4;2
rulonnyie-shtoryi/uni/of-rulonnaya-kassetnaya-sistema-uni2/marakesh-vajt;4;2
rulonnyie-shtoryi/uni/of-rulonnaya-kassetnaya-sistema-uni2/marakesh-grej;4;2
rulonnyie-shtoryi/uni/of-rulonnaya-kassetnaya-sistema-uni2/marakesh-dark-bejzh;4;2
rulonnyie-shtoryi/uni/of-rulonnaya-kassetnaya-sistema-uni2/marakesh-ellou;4;2
rulonnyie-shtoryi/uni/of-rulonnaya-kassetnaya-sistema-uni2/megapolis-4;3;2
rulonnyie-shtoryi/uni/of-rulonnaya-kassetnaya-sistema-uni2/megapolis-6;3;2
rulonnyie-shtoryi/uni/of-rulonnaya-kassetnaya-sistema-uni2/metallik-ametist;2;1
rulonnyie-shtoryi/uni/of-rulonnaya-kassetnaya-sistema-uni2/metallik-belyij;2;1
rulonnyie-shtoryi/uni/of-rulonnaya-kassetnaya-sistema-uni2/metallik-grafit;2;1
rulonnyie-shtoryi/uni/of-rulonnaya-kassetnaya-sistema-uni2/metallik-zheltyij;2;1
rulonnyie-shtoryi/uni/of-rulonnaya-kassetnaya-sistema-uni2/metallik-perl;2;1
rulonnyie-shtoryi/uni/of-rulonnaya-kassetnaya-sistema-uni2/metallik-persikovyij;2;1
rulonnyie-shtoryi/uni/of-rulonnaya-kassetnaya-sistema-uni2/metallik-svetlo-bezhevyij;2;1
rulonnyie-shtoryi/uni/of-rulonnaya-kassetnaya-sistema-uni2/metallik-svetlo-korichnevyij;2;1
rulonnyie-shtoryi/uni/of-rulonnaya-kassetnaya-sistema-uni2/metallik-serebro;2;1
rulonnyie-shtoryi/uni/of-rulonnaya-kassetnaya-sistema-uni2/metallik-temno-bezhevyij;2;1
rulonnyie-shtoryi/uni/of-rulonnaya-kassetnaya-sistema-uni2/metallik-temno-korichnevyij;2;1
rulonnyie-shtoryi/uni/of-rulonnaya-kassetnaya-sistema-uni2/metallik-fistashkovyij;2;1
rulonnyie-shtoryi/uni/of-rulonnaya-kassetnaya-sistema-uni2/myunxen-1;1;1
rulonnyie-shtoryi/uni/of-rulonnaya-kassetnaya-sistema-uni2/myunxen-10;1;1
rulonnyie-shtoryi/uni/of-rulonnaya-kassetnaya-sistema-uni2/myunxen-11;1;1
rulonnyie-shtoryi/uni/of-rulonnaya-kassetnaya-sistema-uni2/myunxen-12;1;1
rulonnyie-shtoryi/uni/of-rulonnaya-kassetnaya-sistema-uni2/myunxen-14;1;1
rulonnyie-shtoryi/uni/of-rulonnaya-kassetnaya-sistema-uni2/myunxen-15;1;1
rulonnyie-shtoryi/uni/of-rulonnaya-kassetnaya-sistema-uni2/myunxen-19;1;1
rulonnyie-shtoryi/uni/of-rulonnaya-kassetnaya-sistema-uni2/myunxen-2;1;1
rulonnyie-shtoryi/uni/of-rulonnaya-kassetnaya-sistema-uni2/myunxen-22;1;1
rulonnyie-shtoryi/uni/of-rulonnaya-kassetnaya-sistema-uni2/myunxen-23;1;1
rulonnyie-shtoryi/uni/of-rulonnaya-kassetnaya-sistema-uni2/myunxen-24;1;1
rulonnyie-shtoryi/uni/of-rulonnaya-kassetnaya-sistema-uni2/myunxen-25;1;1
rulonnyie-shtoryi/uni/of-rulonnaya-kassetnaya-sistema-uni2/myunxen-26;1;1
rulonnyie-shtoryi/uni/of-rulonnaya-kassetnaya-sistema-uni2/myunxen-27;1;1
rulonnyie-shtoryi/uni/of-rulonnaya-kassetnaya-sistema-uni2/myunxen-28;1;1
rulonnyie-shtoryi/uni/of-rulonnaya-kassetnaya-sistema-uni2/myunxen-3;1;1
rulonnyie-shtoryi/uni/of-rulonnaya-kassetnaya-sistema-uni2/myunxen-31;1;1
rulonnyie-shtoryi/uni/of-rulonnaya-kassetnaya-sistema-uni2/myunxen-4;1;1
rulonnyie-shtoryi/uni/of-rulonnaya-kassetnaya-sistema-uni2/myunxen-43;1;1
rulonnyie-shtoryi/uni/of-rulonnaya-kassetnaya-sistema-uni2/myunxen-5;1;1
rulonnyie-shtoryi/uni/of-rulonnaya-kassetnaya-sistema-uni2/myunxen-6;1;1
rulonnyie-shtoryi/uni/of-rulonnaya-kassetnaya-sistema-uni2/myunxen-7;1;1
rulonnyie-shtoryi/uni/of-rulonnaya-kassetnaya-sistema-uni2/myunxen-8;1;1
rulonnyie-shtoryi/uni/of-rulonnaya-kassetnaya-sistema-uni2/myunxen-blekaut-52;2;1
rulonnyie-shtoryi/uni/of-rulonnaya-kassetnaya-sistema-uni2/myunxen-blekaut-53;2;1
rulonnyie-shtoryi/uni/of-rulonnaya-kassetnaya-sistema-uni2/myunxen-blekaut-54;2;1
rulonnyie-shtoryi/uni/of-rulonnaya-kassetnaya-sistema-uni2/myunxen-blekaut-55;2;1
rulonnyie-shtoryi/uni/of-rulonnaya-kassetnaya-sistema-uni2/myunxen-blekaut-56;2;1
rulonnyie-shtoryi/uni/of-rulonnaya-kassetnaya-sistema-uni2/myunxen-blekaut-58;2;1
rulonnyie-shtoryi/uni/of-rulonnaya-kassetnaya-sistema-uni2/myunxen-blekaut-59;2;1
rulonnyie-shtoryi/uni/of-rulonnaya-kassetnaya-sistema-uni2/myunxen-blekaut-60;2;1
rulonnyie-shtoryi/uni/of-rulonnaya-kassetnaya-sistema-uni2/myunxen-blekaut-61;2;1
rulonnyie-shtoryi/uni/of-rulonnaya-kassetnaya-sistema-uni2/myunxen-blekaut-62;2;1
rulonnyie-shtoryi/uni/of-rulonnaya-kassetnaya-sistema-uni2/myunxen-blekaut-63;2;1
rulonnyie-shtoryi/uni/of-rulonnaya-kassetnaya-sistema-uni2/myunxen-blekaut-65;2;1
rulonnyie-shtoryi/uni/of-rulonnaya-kassetnaya-sistema-uni2/myunxen-blekaut-66;2;1
rulonnyie-shtoryi/uni/of-rulonnaya-kassetnaya-sistema-uni2/myunxen-blekaut-67;2;1
rulonnyie-shtoryi/uni/of-rulonnaya-kassetnaya-sistema-uni2/myunxen-blekaut-68;2;1
rulonnyie-shtoryi/uni/of-rulonnaya-kassetnaya-sistema-uni2/myunxen-blekaut-78;2;1
rulonnyie-shtoryi/uni/of-rulonnaya-kassetnaya-sistema-uni2/myunxen-perl-1;2;1
rulonnyie-shtoryi/uni/of-rulonnaya-kassetnaya-sistema-uni2/myunxen-perl-10;2;1
rulonnyie-shtoryi/uni/of-rulonnaya-kassetnaya-sistema-uni2/myunxen-perl-12;2;1
rulonnyie-shtoryi/uni/of-rulonnaya-kassetnaya-sistema-uni2/myunxen-perl-2;2;1
rulonnyie-shtoryi/uni/of-rulonnaya-kassetnaya-sistema-uni2/nelke-2;1;1
rulonnyie-shtoryi/uni/of-rulonnaya-kassetnaya-sistema-uni2/nelke-3;1;1
rulonnyie-shtoryi/uni/of-rulonnaya-kassetnaya-sistema-uni2/nelke-4;1;1
rulonnyie-shtoryi/uni/of-rulonnaya-kassetnaya-sistema-uni2/oliv;1;1
rulonnyie-shtoryi/uni/of-rulonnaya-kassetnaya-sistema-uni2/opus-grej;1;1
rulonnyie-shtoryi/uni/of-rulonnaya-kassetnaya-sistema-uni2/oregon-1;3;2
rulonnyie-shtoryi/uni/of-rulonnaya-kassetnaya-sistema-uni2/ornament-bejzh;1;1
rulonnyie-shtoryi/uni/of-rulonnaya-kassetnaya-sistema-uni2/ornament-grin;1;1
rulonnyie-shtoryi/uni/of-rulonnaya-kassetnaya-sistema-uni2/pazl-kakao;2;1
rulonnyie-shtoryi/uni/of-rulonnaya-kassetnaya-sistema-uni2/plato-vinter;1;1
rulonnyie-shtoryi/uni/of-rulonnaya-kassetnaya-sistema-uni2/plato-sammer;1;1
rulonnyie-shtoryi/uni/of-rulonnaya-kassetnaya-sistema-uni2/porto-blekaut-svetlo-bezhevyij;4;2
rulonnyie-shtoryi/uni/of-rulonnaya-kassetnaya-sistema-uni2/porto-blekaut-seryij;4;2
rulonnyie-shtoryi/uni/of-rulonnaya-kassetnaya-sistema-uni2/raita-vajt;3;2
rulonnyie-shtoryi/uni/of-rulonnaya-kassetnaya-sistema-uni2/raita-natural;3;2
rulonnyie-shtoryi/uni/of-rulonnaya-kassetnaya-sistema-uni2/ryabina-bezhevyij;1;1
rulonnyie-shtoryi/uni/of-rulonnaya-kassetnaya-sistema-uni2/savoniya-bejzh;1;1
rulonnyie-shtoryi/uni/of-rulonnaya-kassetnaya-sistema-uni2/sakura-bezhevyij;1;1
rulonnyie-shtoryi/uni/of-rulonnaya-kassetnaya-sistema-uni2/sakura-goluboj;1;1
rulonnyie-shtoryi/uni/of-rulonnaya-kassetnaya-sistema-uni2/sakura-seryij;1;1
rulonnyie-shtoryi/uni/of-rulonnaya-kassetnaya-sistema-uni2/salmiak-bejdzh;1;1
rulonnyie-shtoryi/uni/of-rulonnaya-kassetnaya-sistema-uni2/salmiak-terra;1;1
rulonnyie-shtoryi/uni/of-rulonnaya-kassetnaya-sistema-uni2/siesta;1;1
rulonnyie-shtoryi/uni/of-rulonnaya-kassetnaya-sistema-uni2/silk-skrin-alyu-belyij;4;2
rulonnyie-shtoryi/uni/of-rulonnaya-kassetnaya-sistema-uni2/silk-skrin-alyu-svetlo-seryij;4;2
rulonnyie-shtoryi/uni/of-rulonnaya-kassetnaya-sistema-uni2/silk-skrin-alyu-temno-seryij;4;2
rulonnyie-shtoryi/uni/of-rulonnaya-kassetnaya-sistema-uni2/silk-skrin-alyu-chernyij;4;2
rulonnyie-shtoryi/uni/of-rulonnaya-kassetnaya-sistema-uni2/skrin-1;2;1
rulonnyie-shtoryi/uni/of-rulonnaya-kassetnaya-sistema-uni2/skrin-2;2;1
rulonnyie-shtoryi/uni/of-rulonnaya-kassetnaya-sistema-uni2/skrin-3;2;1
rulonnyie-shtoryi/uni/of-rulonnaya-kassetnaya-sistema-uni2/spring-tvig-1;3;2
rulonnyie-shtoryi/uni/of-rulonnaya-kassetnaya-sistema-uni2/spring-tvig-501;3;2
rulonnyie-shtoryi/uni/of-rulonnaya-kassetnaya-sistema-uni2/spring-tvig-701;3;2
rulonnyie-shtoryi/uni/of-rulonnaya-kassetnaya-sistema-uni2/stikan-bezhevyij;1;1
rulonnyie-shtoryi/uni/of-rulonnaya-kassetnaya-sistema-uni2/stikan-belyij;1;1
rulonnyie-shtoryi/uni/of-rulonnaya-kassetnaya-sistema-uni2/tonus-blyu;2;1
rulonnyie-shtoryi/uni/of-rulonnaya-kassetnaya-sistema-uni2/tonus-oranzh;2;1
rulonnyie-shtoryi/uni/of-rulonnaya-kassetnaya-sistema-uni2/faraon-papirus;4;2
rulonnyie-shtoryi/uni/of-rulonnaya-kassetnaya-sistema-uni2/faraon-erch;4;2
rulonnyie-shtoryi/uni/of-rulonnaya-kassetnaya-sistema-uni2/flora-bezhevyij;1;1
rulonnyie-shtoryi/uni/of-rulonnaya-kassetnaya-sistema-uni2/flora-belyij;1;1
rulonnyie-shtoryi/uni/of-rulonnaya-kassetnaya-sistema-uni2/flora-salatovyij;1;1
rulonnyie-shtoryi/uni/of-rulonnaya-kassetnaya-sistema-uni2/shelk-abrikosovyij;1;1
rulonnyie-shtoryi/uni/of-rulonnaya-kassetnaya-sistema-uni2/shelk-belyij;1;1
rulonnyie-shtoryi/uni/of-rulonnaya-kassetnaya-sistema-uni2/shelk-kapuchino;1;1
rulonnyie-shtoryi/uni/of-rulonnaya-kassetnaya-sistema-uni2/shelk-korall;1;1
rulonnyie-shtoryi/uni/of-rulonnaya-kassetnaya-sistema-uni2/shelk-korichnevyij;1;1
rulonnyie-shtoryi/uni/of-rulonnaya-kassetnaya-sistema-uni2/shelk-molochnyij;1;1
rulonnyie-shtoryi/uni/of-rulonnaya-kassetnaya-sistema-uni2/shelk-persikovyij;1;1
rulonnyie-shtoryi/uni/of-rulonnaya-kassetnaya-sistema-uni2/shelk-rozovyij;1;1
rulonnyie-shtoryi/uni/of-rulonnaya-kassetnaya-sistema-uni2/shelk-svetlo-bezhevyij;1;1
rulonnyie-shtoryi/uni/of-rulonnaya-kassetnaya-sistema-uni2/shelk-svetlo-zelenyij;1;1
rulonnyie-shtoryi/uni/of-rulonnaya-kassetnaya-sistema-uni2/shelk-seryij;1;1
rulonnyie-shtoryi/uni/of-rulonnaya-kassetnaya-sistema-uni2/shelk-temno-bezhevyij;1;1
rulonnyie-shtoryi/uni/of-rulonnaya-kassetnaya-sistema-uni2/shelk-terrakot;1;1
rulonnyie-shtoryi/uni/of-rulonnaya-kassetnaya-sistema-uni2/etazh-701;1;1
rulonnyie-shtoryi/uni/of-rulonnaya-kassetnaya-sistema-uni2/yamajka-bezhevyij;3;2
rulonnyie-shtoryi/uni/of-rulonnaya-kassetnaya-sistema-uni2/yamajka-korichnevyij;3;2
rulonnyie-shtoryi/uni/of-rulonnaya-kassetnaya-sistema-uni2/yamajka-kofe;3;2
rulonnyie-shtoryi/uni/of-rulonnaya-kassetnaya-sistema-uni2/yamajka-seryij;3;2
rulonnyie-shtoryi/uni/of-rulonnaya-kassetnaya-sistema-uni2/yamajka-temno-bezhevyij;3;2
rulonnyie-shtoryi/uni/of-rulonnaya-kassetnaya-sistema-uni2/versal-shokolad;3;2
rulonnyie-shtoryi/uni/of-rulonnaya-kassetnaya-sistema-uni2/klaudia-indigo;1;1
rulonnyie-shtoryi/uni/of-rulonnaya-kassetnaya-sistema-uni2/marakesh-blekaut-grej;4;2
rulonnyie-shtoryi/uni/of-rulonnaya-kassetnaya-sistema-uni2/megapolis-8;3;2
rulonnyie-shtoryi/uni/of-rulonnaya-kassetnaya-sistema-uni2/myunxen-13;1;1
rulonnyie-shtoryi/uni/of-rulonnaya-kassetnaya-sistema-uni2/myunxen-blekaut-57;2;1
rulonnyie-shtoryi/uni/of-rulonnaya-kassetnaya-sistema-uni2/opus-vajt;1;1
rulonnyie-shtoryi/uni/of-rulonnaya-kassetnaya-sistema-uni2/plato-autumn;1;1
rulonnyie-shtoryi/uni/of-rulonnaya-kassetnaya-sistema-uni2/shampan-blekaut;5;3
rulonnyie-shtoryi/uni/of-rulonnaya-kassetnaya-sistema-uni2/yamajka-svetlo-bezhevyij;3;2
